DROP TABLE IF EXISTS TDT_USER_PROFILE;
DROP TABLE IF EXISTS TDT_ROLE;
DROP TABLE IF EXISTS TDT_ROLE_CATEGORY;
DROP TABLE IF EXISTS TDT_TEACHING_LOG;
DROP TABLE IF EXISTS TDT_CERTIFICATE;
DROP TABLE IF EXISTS TDT_CERTIFICATE_TYPE;
DROP TABLE IF EXISTS TDT_SATISFACTORY_SCORE;
DROP TABLE IF EXISTS TDT_TRAINING_LANGUAGE;
DROP TABLE IF EXISTS TDT_TRAINING_PROCESS;
DROP TABLE IF EXISTS TDT_GRADUATION_TYPE;
DROP TABLE IF EXISTS TDT_TEACHING_HISTORY;
DROP TABLE IF EXISTS TDT_LECTURER;
DROP TABLE IF EXISTS TDT_LECTURER_TYPE;
DROP TABLE IF EXISTS TDT_DEGREE;
DROP TABLE IF EXISTS TDT_LANGUAGE;
DROP TABLE IF EXISTS TDT_SUBJECT;
DROP TABLE IF EXISTS TDT_SUBJECT_TYPE;
DROP TABLE IF EXISTS TDT_TRAINING_SYSTEM;
DROP TABLE IF EXISTS TDT_SUBJECT_GROUP;
DROP TABLE IF EXISTS TDT_SEMESTER;
DROP TABLE IF EXISTS TDT_SCHOOL_YEAR;


CREATE TABLE TDT_SUBJECT_GROUP (
	GROUP_ID VARCHAR2(50 CHAR) NOT NULL,
	GROUP_NAME VARCHAR2(255 CHAR) NOT NULL,
    IS_ACTIVE CHAR(1 CHAR) DEFAULT '1' NOT NULL,
    CREATED_AT DATE DEFAULT CURRENT_TIMESTAMP NOT NULL,
    CREATED_BY  VARCHAR2(255 CHAR) NOT NULL,
    UPDATED_AT DATE DEFAULT NULL,
    UPDATE_BY VARCHAR2(255 CHAR) DEFAULT NULL,
	CONSTRAINT PK_SUBJECT_GROUP PRIMARY KEY (GROUP_ID),
	CONSTRAINT UQ_SUBJECT_GROUP_01 UNIQUE(GROUP_ID)
);

INSERT INTO TDT_SUBJECT_GROUP (GROUP_ID,GROUP_NAME,IS_ACTIVE,CREATED_AT,CREATED_BY) VALUES
	 ('0','Môn học bắt buộc','1',CURRENT_TIMESTAMP,'sys_user'),
	 ('7661_01_180502','Khóa luận tốt nghiệp','1',CURRENT_TIMESTAMP,'sys_user'),
	 ('7661_02_180502','Nhóm tự chọn chuyên ngành','1',CURRENT_TIMESTAMP,'sys_user'),
	 ('7657_180502','Nhóm tự chọn 1','1',CURRENT_TIMESTAMP,'sys_user'),
	 ('7658_180502','Nhóm tự chọn 2','1',CURRENT_TIMESTAMP,'sys_user'),
	 ('7659_180502','Nhóm tự chọn 3','1',CURRENT_TIMESTAMP,'sys_user');

CREATE TABLE TDT_SUBJECT_TYPE (
	TYPE_ID NUMBER(19,0) GENERATED BY DEFAULT AS IDENTITY (START WITH 100 INCREMENT BY 3) NOT NULL,
    TYPE VARCHAR2(255 CHAR) NOT NULL,
    SIGNATURE VARCHAR2(255 CHAR) NOT NULL,
    IS_ACTIVE CHAR(1 CHAR) DEFAULT '1' NOT NULL,
    CREATED_AT DATE DEFAULT CURRENT_TIMESTAMP NOT NULL,
    CREATED_BY  VARCHAR2(255 CHAR) NOT NULL,
    UPDATED_AT DATE DEFAULT NULL,
    UPDATE_BY VARCHAR2(255 CHAR) DEFAULT NULL,
    CONSTRAINT PK_SUBJECT_TYPE PRIMARY KEY (TYPE_ID),
    CONSTRAINT UQ_SUBJECT_TYPE_01 UNIQUE(SIGNATURE)
);

INSERT INTO TDT_SUBJECT_TYPE (TYPE_ID,TYPE,SIGNATURE,IS_ACTIVE,CREATED_AT,CREATED_BY) VALUES
	 (0,'Lý thuyết','LT',1,CURRENT_TIMESTAMP,'sys_user'),
	 (1,'Thực hành','TH',1,CURRENT_TIMESTAMP,'sys_user');

CREATE TABLE TDT_TRAINING_SYSTEM (
	SYSTEM_ID NUMBER(19,0) GENERATED BY DEFAULT AS IDENTITY (START WITH 100 INCREMENT BY 3) NOT NULL,
    SUBSYSTEM VARCHAR2(255 CHAR) NOT NULL,
    IDENTIFICATION NUMBER(19,0) DEFAULT 9999 NOT NULL,
    IS_ACTIVE CHAR(1 CHAR) DEFAULT '1' NOT NULL,
    CREATED_AT DATE DEFAULT CURRENT_TIMESTAMP NOT NULL,
    CREATED_BY  VARCHAR2(255 CHAR) NOT NULL,
    UPDATED_AT DATE DEFAULT NULL,
    UPDATE_BY VARCHAR2(255 CHAR) DEFAULT NULL,
    CONSTRAINT PK_TRAINING_SYSTEM PRIMARY KEY (SYSTEM_ID)
);

INSERT INTO TDT_TRAINING_SYSTEM (SYSTEM_ID,SUBSYSTEM,IDENTIFICATION,IS_ACTIVE,CREATED_AT,CREATED_BY) VALUES
	 (1,'Tiêu chuẩn',1000,1,CURRENT_TIMESTAMP,'sys_user'),
	 (2,'Chất lượng cao Tiếng Việt',2100,1,CURRENT_TIMESTAMP,'sys_user'),
	 (3,'Chất lượng cao Tiếng Anh',2200,1,CURRENT_TIMESTAMP,'sys_user'),
	 (4,'100% tiếng Anh/Liên kết',3000,1,CURRENT_TIMESTAMP,'sys_user'),
	 (5,'Thạc sĩ',4000,1,CURRENT_TIMESTAMP,'sys_user');

CREATE TABLE TDT_SUBJECT (
	SUBJECT_ID VARCHAR2(50 CHAR) NOT NULL,
	GROUP_ID VARCHAR2(50 CHAR) DEFAULT '0' NOT NULL,
	SUBJECT_NAME VARCHAR2(255 CHAR) NOT NULL,
	TOTAL_SHIFT NUMBER(19,0) NOT NULL,
    TYPE_ID NUMBER(19,0) NOT NULL,
    IS_ACTIVE CHAR(1 CHAR) DEFAULT '1' NOT NULL,
    CREATED_AT DATE DEFAULT CURRENT_TIMESTAMP NOT NULL,
    CREATED_BY  VARCHAR2(255 CHAR) NOT NULL,
    UPDATED_AT DATE DEFAULT NULL,
    UPDATE_BY VARCHAR2(255 CHAR) DEFAULT NULL,
	CONSTRAINT PK_SUBJECT PRIMARY KEY (SUBJECT_ID),
	CONSTRAINT FK_SUBJECT_SUBJECT_GROUP FOREIGN KEY (GROUP_ID) REFERENCES TDT_SUBJECT_GROUP(GROUP_ID) ON DELETE RESTRICT ON UPDATE RESTRICT,
	CONSTRAINT FK_SUBJECT_SUBJECT_TYPE FOREIGN KEY (TYPE_ID) REFERENCES TDT_SUBJECT_TYPE(TYPE_ID) ON DELETE RESTRICT ON UPDATE RESTRICT
);

INSERT INTO TDT_SUBJECT (SUBJECT_ID,GROUP_ID,SUBJECT_NAME,TOTAL_SHIFT,TYPE_ID,IS_ACTIVE,CREATED_AT,CREATED_BY) VALUES
	 ('501032_LT','0','Đại số tuyến tính cho Công nghệ thông tin',45,0,'1',CURRENT_TIMESTAMP,'sys_user'),
	 ('501032_TH','0','Đại số tuyến tính cho Công nghệ thông tin',30,1,'1',CURRENT_TIMESTAMP,'sys_user'),
	 ('501031_LT','0','Giải tích ứng dụng cho Công nghệ thông tin',45,0,'1',CURRENT_TIMESTAMP,'sys_user'),
	 ('501031_TH','0','Giải tích ứng dụng cho Công nghệ thông tin',30,1,'1',CURRENT_TIMESTAMP,'sys_user'),
	 ('501042_LT','0','Phương pháp lập trình',45,0,'1',CURRENT_TIMESTAMP,'sys_user'),
	 ('501042_TH','0','Phương pháp lập trình',30,1,'1',CURRENT_TIMESTAMP,'sys_user'),
	 ('501043_LT','0','Cấu trúc dữ liệu và giải thuật 1',45,0,'1',CURRENT_TIMESTAMP,'sys_user'),
	 ('501043_TH','0','Cấu trúc dữ liệu và giải thuật 1',30,1,'1',CURRENT_TIMESTAMP,'sys_user'),
	 ('502044_LT','0','Tổ chức máy tính',45,0,'1',CURRENT_TIMESTAMP,'sys_user'),
	 ('502044_TH','0','Tổ chức máy tính',30,1,'1',CURRENT_TIMESTAMP,'sys_user'),
	 ('502061_LT','0','Xác suất và thống kê ứng dụng cho Công nghệ thông tin',45,0,'1',CURRENT_TIMESTAMP,'sys_user'),
	 ('502061_TH','0','Xác suất và thống kê ứng dụng cho Công nghệ thông tin',30,1,'1',CURRENT_TIMESTAMP,'sys_user'),
	 ('501044_LT','0','Cấu trúc rời rạc',45,0,'1',CURRENT_TIMESTAMP,'sys_user'),
	 ('501044_TH','0','Cấu trúc rời rạc',30,1,'1',CURRENT_TIMESTAMP,'sys_user'),
	 ('502047_LT','0','Nhập môn hệ điều hành',45,0,'1',CURRENT_TIMESTAMP,'sys_user'),
	 ('502047_TH','0','Nhập môn hệ điều hành',30,1,'1',CURRENT_TIMESTAMP,'sys_user'),
	 ('502046_LT','0','Nhập môn Mạng máy tính',45,0,'1',CURRENT_TIMESTAMP,'sys_user'),
	 ('502046_TH','0','Nhập môn Mạng máy tính',30,1,'1',CURRENT_TIMESTAMP,'sys_user'),
	 ('502051_LT','0','Hệ cơ sở dữ liệu',45,0,'1',CURRENT_TIMESTAMP,'sys_user'),
	 ('502051_TH','0','Hệ cơ sở dữ liệu',30,1,'1',CURRENT_TIMESTAMP,'sys_user'),
	 ('502041_LT','0','Phương pháp tính',45,0,'1',CURRENT_TIMESTAMP,'sys_user'),
	 ('502041_TH','0','Phương pháp tính',30,1,'1',CURRENT_TIMESTAMP,'sys_user'),
	 ('502056','0','Thực tập nghề nghiệp',30,1,'1',CURRENT_TIMESTAMP,'sys_user'),
	 ('502042_LT','0','Toán tổ hợp và đồ thị',45,0,'1',CURRENT_TIMESTAMP,'sys_user'),
	 ('502042_TH','0','Toán tổ hợp và đồ thị',30,1,'1',CURRENT_TIMESTAMP,'sys_user'),
	 ('502045_LT','0','Công nghệ phần mềm',45,0,'1',CURRENT_TIMESTAMP,'sys_user'),
	 ('502045_TH','0','Công nghệ phần mềm',30,1,'1',CURRENT_TIMESTAMP,'sys_user'),
	 ('503040_LT','0','Phân tích và thiết kế giải thuật',45,0,'1',CURRENT_TIMESTAMP,'sys_user'),
	 ('503040_TH','0','Phân tích và thiết kế giải thuật',30,1,'1',CURRENT_TIMESTAMP,'sys_user'),
	 ('504078','0','Dự án Công nghệ thông tin 1',120,1,'1',CURRENT_TIMESTAMP,'sys_user'),
	 ('504074','0','Kiến tập công nghiệp',120,1,'1',CURRENT_TIMESTAMP,'sys_user'),
	 ('502CM1','0','Kỹ năng thực hành chuyên môn',0,1,'1',CURRENT_TIMESTAMP,'sys_user'),
	 ('504079','7661_01_180502','Khóa luận tốt nghiệp',360,1,'1',CURRENT_TIMESTAMP,'sys_user'),
	 ('504075','7661_02_180502','Dự án Công nghệ thông tin 2',90,1,'1',CURRENT_TIMESTAMP,'sys_user'),
	 ('502043_LT','7657_180502','Cấu trúc dữ liệu và giải thuật 2',45,0,'1',CURRENT_TIMESTAMP,'sys_user'),
	 ('502043_TH','7657_180502','Cấu trúc dữ liệu và giải thuật 2',30,1,'1',CURRENT_TIMESTAMP,'sys_user'),
	 ('502050','7657_180502','Phân tích và thiết kế yêu cầu',45,0,'1',CURRENT_TIMESTAMP,'sys_user'),
	 ('502057_LT','7657_180502','Nguyên lý ngôn ngữ lập trình',30,0,'1',CURRENT_TIMESTAMP,'sys_user'),
	 ('502057_TH','7657_180502','Nguyên lý ngôn ngữ lập trình',30,1,'1',CURRENT_TIMESTAMP,'sys_user'),
	 ('502068_LT','7657_180502','IoT cơ bản',30,0,'1',CURRENT_TIMESTAMP,'sys_user'),
	 ('502068_TH','7657_180502','IoT cơ bản',30,1,'1',CURRENT_TIMESTAMP,'sys_user'),
	 ('503056_LT','7657_180502','Phát triển phần mềm trên nền tảng tiến hóa',30,0,'1',CURRENT_TIMESTAMP,'sys_user'),
	 ('503056_TH','7657_180502','Phát triển phần mềm trên nền tảng tiến hóa',30,1,'1',CURRENT_TIMESTAMP,'sys_user'),
	 ('503058','7657_180502','Hệ thống hình thức và luận lý',45,0,'1',CURRENT_TIMESTAMP,'sys_user'),
	 ('503074_LT','7657_180502','Phát triển ứng dụng di động',30,0,'1',CURRENT_TIMESTAMP,'sys_user'),
	 ('503074_TH','7657_180502','Phát triển ứng dụng di động',30,1,'1',CURRENT_TIMESTAMP,'sys_user'),
	 ('503107_LT','7657_180502','Phát triển ứng dụng di động nâng cao',30,0,'1',CURRENT_TIMESTAMP,'sys_user'),
	 ('503107_TH','7657_180502','Phát triển ứng dụng di động nâng cao',30,1,'1',CURRENT_TIMESTAMP,'sys_user'),
	 ('503108_LT','7657_180502','Thiết kế giao diện người dùng',30,0,'1',CURRENT_TIMESTAMP,'sys_user'),
	 ('503108_TH','7657_180502','Thiết kế giao diện người dùng',30,1,'1',CURRENT_TIMESTAMP,'sys_user'),
	 ('504058_LT','7657_180502','Kiểm thử phần mềm',30,0,'1',CURRENT_TIMESTAMP,'sys_user'),
	 ('504058_TH','7657_180502','Kiểm thử phần mềm',30,1,'1',CURRENT_TIMESTAMP,'sys_user'),
	 ('503044','7658_180502','Nhập môn Học máy',45,0,'1',CURRENT_TIMESTAMP,'sys_user'),
	 ('503045','7658_180502','Truy hồi thông tin',45,0,'1',CURRENT_TIMESTAMP,'sys_user'),
	 ('503057_LT','7658_180502','Công nghệ phần mềm trên nền tảng ứng dụng hiện đại',30,0,'1',CURRENT_TIMESTAMP,'sys_user'),
	 ('503057_TH','7658_180502','Công nghệ phần mềm trên nền tảng ứng dụng hiện đại',30,1,'1',CURRENT_TIMESTAMP,'sys_user'),
	 ('503073_LT','7658_180502','Lập trình web và ứng dụng',30,0,'1',CURRENT_TIMESTAMP,'sys_user'),
	 ('503073_TH','7658_180502','Lập trình web và ứng dụng',30,1,'1',CURRENT_TIMESTAMP,'sys_user'),
	 ('503075_LT','7658_180502','An toàn mạng không dây và di động',30,0,'1',CURRENT_TIMESTAMP,'sys_user'),
	 ('503075_TH','7658_180502','An toàn mạng không dây và di động',30,1,'1',CURRENT_TIMESTAMP,'sys_user'),
	 ('503079','7658_180502','Lý thuyết mật mã',45,0,'1',CURRENT_TIMESTAMP,'sys_user'),
	 ('503106_LT','7658_180502','Lập trình web nâng cao',30,0,'1',CURRENT_TIMESTAMP,'sys_user'),
	 ('503106_TH','7658_180502','Lập trình web nâng cao',30,1,'1',CURRENT_TIMESTAMP,'sys_user'),
	 ('504045','7658_180502','Nhập môn xử lý ngôn ngữ tự nhiên',45,0,'1',CURRENT_TIMESTAMP,'sys_user'),
	 ('504048','7658_180502','Xử lý dữ liệu lớn',45,0,'1',CURRENT_TIMESTAMP,'sys_user'),
	 ('504049','7658_180502','Hệ thống thương mại thông minh',45,0,'1',CURRENT_TIMESTAMP,'sys_user'),
	 ('504051_LT','7658_180502','Mạng đa phương tiện và di động',30,0,'1',CURRENT_TIMESTAMP,'sys_user'),
	 ('504051_TH','7658_180502','Mạng đa phương tiện và di động',30,1,'1',CURRENT_TIMESTAMP,'sys_user'),
	 ('504060_LT','7658_180502','Kiểm chứng và thẩm định phần mềm',30,0,'1',CURRENT_TIMESTAMP,'sys_user'),
	 ('504060_TH','7658_180502','Kiểm chứng và thẩm định phần mềm',30,1,'1',CURRENT_TIMESTAMP,'sys_user'),
	 ('504070','7658_180502','Kiến trúc hướng dịch vụ',45,0,'1',CURRENT_TIMESTAMP,'sys_user'),
	 ('504073_LT','7658_180502','Chuyên đề Công nghệ phần mềm',30,0,'1',CURRENT_TIMESTAMP,'sys_user'),
	 ('504073_TH','7658_180502','Chuyên đề Công nghệ phần mềm',30,1,'1',CURRENT_TIMESTAMP,'sys_user'),
	 ('504076_LT','7658_180502','Phát triển trò chơi',30,0,'1',CURRENT_TIMESTAMP,'sys_user'),
	 ('504076_TH','7658_180502','Phát triển trò chơi',30,1,'1',CURRENT_TIMESTAMP,'sys_user'),
	 ('504077_LT','7658_180502','Mẫu thiết kế',30,0,'1',CURRENT_TIMESTAMP,'sys_user'),
	 ('504077_TH','7658_180502','Mẫu thiết kế',30,1,'1',CURRENT_TIMESTAMP,'sys_user'),
	 ('505041','7658_180502','Nhập môn xử lý tiếng nói',45,0,'1',CURRENT_TIMESTAMP,'sys_user'),
	 ('505043','7658_180502','Khai thác dữ liệu và Khai phá tri thức',45,0,'1',CURRENT_TIMESTAMP,'sys_user'),
	 ('505045','7658_180502','Mô hình không chắc chắn',45,0,'1',CURRENT_TIMESTAMP,'sys_user'),
	 ('505051','7658_180502','Nhập môn các hệ thống phân tán',45,0,'1',CURRENT_TIMESTAMP,'sys_user'),
	 ('505053','7658_180502','Thẩm định phần mềm tự động',45,0,'1',CURRENT_TIMESTAMP,'sys_user'),
	 ('505054','7658_180502','Kỹ thuật thiết kế và đặc tả hình thức',45,0,'1',CURRENT_TIMESTAMP,'sys_user'),
	 ('505055_LT','7658_180502','Thiết kế phần mềm nhúng',30,0,'1',CURRENT_TIMESTAMP,'sys_user'),
	 ('505055_TH','7658_180502','Thiết kế phần mềm nhúng',30,1,'1',CURRENT_TIMESTAMP,'sys_user'),
	 ('505060_LT','7658_180502','Nhập môn Xử lý ảnh số',30,0,'1',CURRENT_TIMESTAMP,'sys_user'),
	 ('505060_TH','7658_180502','Nhập môn Xử lý ảnh số',30,1,'1',CURRENT_TIMESTAMP,'sys_user'),
	 ('505061','7658_180502','Hệ thống phát hiện xâm nhập mạng',45,0,'1',CURRENT_TIMESTAMP,'sys_user'),
	 ('502048','7659_180502','Nhập môn tính toán đa phương tiện',45,0,'1',CURRENT_TIMESTAMP,'sys_user'),
	 ('502049','7659_180502','Nhập môn Bảo mật thông tin',45,0,'1',CURRENT_TIMESTAMP,'sys_user'),
	 ('502052_LT','7659_180502','Phát triển hệ thống thông tin doanh nghiệp',30,0,'1',CURRENT_TIMESTAMP,'sys_user'),
	 ('502052_TH','7659_180502','Phát triển hệ thống thông tin doanh nghiệp',30,1,'1',CURRENT_TIMESTAMP,'sys_user'),
	 ('503043','7659_180502','Nhập môn Trí tuệ nhân tạo',45,0,'1',CURRENT_TIMESTAMP,'sys_user'),
	 ('503050_LT','7659_180502','Giao thức và Mạng máy tính',30,0,'1',CURRENT_TIMESTAMP,'sys_user'),
	 ('503050_TH','7659_180502','Giao thức và Mạng máy tính',30,1,'1',CURRENT_TIMESTAMP,'sys_user'),
	 ('503052_LT','7659_180502','Lập trình song song và đồng thời',30,0,'1',CURRENT_TIMESTAMP,'sys_user'),
	 ('503052_TH','7659_180502','Lập trình song song và đồng thời',30,1,'1',CURRENT_TIMESTAMP,'sys_user'),
	 ('503066','7659_180502','Hệ thống hoạch định nguồn lực doanh nghiệp',45,0,'1',CURRENT_TIMESTAMP,'sys_user'),
	 ('503067','7659_180502','Công nghệ thông tin trong Quản lý quan hệ khách hàng',45,0,'1',CURRENT_TIMESTAMP,'sys_user'),
	 ('503109','7659_180502','Quản trị hệ thống thông tin',45,0,'1',CURRENT_TIMESTAMP,'sys_user'),
	 ('504068','7659_180502','Cơ sở dữ liệu phân tán',45,0,'1',CURRENT_TIMESTAMP,'sys_user'),
	 ('504088_LT','7659_180502','Nhập môn Bảo mật máy tính',30,0,'1',CURRENT_TIMESTAMP,'sys_user'),
	 ('504088_TH','7659_180502','Nhập môn Bảo mật máy tính',30,1,'1',CURRENT_TIMESTAMP,'sys_user');

CREATE TABLE TDT_LECTURER_TYPE (
	TYPE_ID NUMBER(19,0) GENERATED BY DEFAULT AS IDENTITY (START WITH 100 INCREMENT BY 3) NOT NULL,
    TYPE VARCHAR2(255 CHAR) NOT NULL,
    IS_ACTIVE CHAR(1 CHAR) DEFAULT '1' NOT NULL,
    CREATED_AT DATE DEFAULT CURRENT_TIMESTAMP NOT NULL,
    CREATED_BY  VARCHAR2(255 CHAR) NOT NULL,
    UPDATED_AT DATE DEFAULT NULL,
    UPDATE_BY VARCHAR2(255 CHAR) DEFAULT NULL,
    CONSTRAINT PK_LECTURER_TYPE PRIMARY KEY (TYPE_ID)
);

INSERT INTO TDT_LECTURER_TYPE (TYPE_ID,TYPE,IS_ACTIVE,CREATED_AT,CREATED_BY) VALUES
	 (0,'Giảng viên thỉnh giảng',1,CURRENT_TIMESTAMP,'sys_user'),
	 (1,'Giảng viên cơ hữu',1,CURRENT_TIMESTAMP,'sys_user');

CREATE TABLE TDT_LECTURER (
	ID NUMBER(19,0) GENERATED BY DEFAULT AS IDENTITY (START WITH 100 INCREMENT BY 3) NOT NULL,
    FIRST_NAME VARCHAR2(50 CHAR)  NULL,
    FULL_NAME VARCHAR2(100 CHAR) NOT NULL,
    GENDER CHAR(1 CHAR) DEFAULT '1' NOT NULL,
    IMAGES VARCHAR2(255 CHAR) NULL,
    BIRTHDAY DATE NULL,
	PLACE_OF_BIRTH VARCHAR2(50 CHAR) NULL,
	ADDRESS VARCHAR2(100 CHAR) NULL,
    ADDRESS_TMP VARCHAR2(100 CHAR) NULL,
    PHONE VARCHAR2(20 CHAR) NULL,
    EMAIL VARCHAR2(50 CHAR) NULL,
	EMAIL_TDTU VARCHAR2(255 CHAR),
	WORKPLACE VARCHAR2(255 CHAR),
	MAIN_POSITION VARCHAR2(255 CHAR),
	SECONDARY_POSITION VARCHAR2(255 CHAR),
	CLASSIFICATION_LECTURERS NUMBER(19,0) DEFAULT 1 NOT NULL,
    IS_ACTIVE CHAR(1 CHAR) DEFAULT '1' NOT NULL,
    CREATED_AT DATE DEFAULT CURRENT_TIMESTAMP NOT NULL,
    CREATED_BY  VARCHAR2(255 CHAR) NOT NULL,
    UPDATED_AT DATE DEFAULT NULL,
    UPDATE_BY VARCHAR2(255 CHAR) DEFAULT NULL,
	DELETED_FLAG CHAR(1 CHAR) DEFAULT '0' NOT NULL,
    DELETED_AT DATE DEFAULT NULL,
    DELETED_BY VARCHAR2(255 CHAR) DEFAULT NULL,
	CONSTRAINT PK_LECTURER PRIMARY KEY (ID),
	CONSTRAINT FK_LECTURER_LECTURER_TYPE FOREIGN KEY (CLASSIFICATION_LECTURERS) REFERENCES TDT_LECTURER_TYPE(TYPE_ID) ON DELETE RESTRICT ON UPDATE RESTRICT,
	CONSTRAINT UQ_LECTURER_01 UNIQUE(EMAIL_TDTU)
);

INSERT INTO TDT_LECTURER (ID,FIRST_NAME,FULL_NAME,GENDER,IMAGES,BIRTHDAY,PLACE_OF_BIRTH,ADDRESS,ADDRESS_TMP,PHONE,EMAIL,EMAIL_TDTU,WORKPLACE,MAIN_POSITION,SECONDARY_POSITION,CLASSIFICATION_LECTURERS,IS_ACTIVE,CREATED_AT,CREATED_BY) VALUES
    (1,'Hà Phú','Toàn','1','https://mir-s3-cdn-cf.behance.net/project_modules/fs/7383d138650505.598fa11956e27.jpg','1991-08-19 00:00:00.000','An Long, Tam Nông,Đồng Tháp','Đường Tống Văn Lê , Ấp Tân Phú 2 , xã Tân Lý Đông','Nguyễn văn Tăng, Quận 9 , TPHCM','0955667788','haphutoan@gmail.com','haphutoan@tdtu.edu.vn','TDTU',NULL,NULL,1,'1','2023-11-04 21:45:46.000','sys_user'),
    (2,'Lê Thị Cẩm','Tú','0','https://mir-s3-cdn-cf.behance.net/project_modules/fs/3671da38650505.598fa119575fb.jpg','1991-08-14 00:00:00.000','Tiền Giang','Cai lậy - Tiền Giang','Tân Uyên, Bình Dương','0366828282','tu@gmail.com','tu@tdtu.edu.vn','CTU',NULL,NULL,1,'1','2023-11-04 21:45:46.000','sys_user'),
    (3,'Nguyễn Thị Kim','Thanh','0','https://mir-s3-cdn-cf.behance.net/project_modules/fs/1454d038650505.598fa118c9674.jpg','1991-06-22 00:00:00.000','Đồng Nai','Đồng Nai','Long Bình - Đồng Nai','0123123123','thanhn@gmail.com','thanh@tdtu.edu.vn','RMIT',NULL,NULL,0,'1','2023-11-04 21:45:46.000','sys_user'),
    (4,'Nguyễn Thị Thu','Kim','0','https://mir-s3-cdn-cf.behance.net/project_modules/fs/e13eb438650505.598fa118c8eab.jpg','1991-04-18 00:00:00.000','Đồng Nai','Biên Hòa - Đồng Nai','Tân Uyên, Bình Dương','321634645','canhhongruclua@gmail.com','canhhongruclua@tdtu.edu.vn','UFM',NULL,NULL,1,'1','2023-11-04 21:45:46.000','sys_user'),
    (5,'Vũ Quốc','Hòa','0','https://mir-s3-cdn-cf.behance.net/project_modules/fs/0bdadd38650505.598fa118c9a00.jpg','1991-10-09 00:00:00.000','Hải Dương','Long Bình - Biên Hòa - Đồng Nai','Tân Uyên, Bình Dương','0972838671','hoa@gmail.com','hoan@tdtu.edu.vn','TDTU',NULL,NULL,1,'1','2023-11-04 21:45:46.000','sys_user'),
    (6,'Lê','Minh Châu','0','https://mir-s3-cdn-cf.behance.net/project_modules/fs/14809638650505.598fa118c91f3.jpg','1991-08-25 00:00:00.000','Đồng Nai','Đường Tống Văn Lê , Ấp Tân Phú 2 , xã Tân Lý Đông','Tân Uyên, Bình Dương','0972838671','haphutoanit@gmail.com','haphutoanit@tdtu.edu.vn','TDTU',NULL,NULL,1,'1','2023-11-04 21:45:46.000','sys_user'),
    (7,'Nguyễn Hoàng','Tú','1','https://mir-s3-cdn-cf.behance.net/project_modules/fs/db780138650505.598fa11956761.jpg','1990-05-17 00:00:00.000','Đồng Nai','Đường Tống Văn Lê , Ấp Tân Phú 2 , xã Tân Lý Đông','Tân Uyên, Bình Dương','03344558832','hatheduy@gmail.com','hatheduy@tdtu.edu.vn','TDTU',NULL,NULL,0,'1','2023-11-04 21:45:46.000','sys_user'),
    (8,'Hoàng Bảo','Ngọc','1','https://mir-s3-cdn-cf.behance.net/project_modules/fs/fd44d538650505.598fa11957245.jpg','1993-11-04 00:00:00.000','Đồng Nai','Biên Hòa - Đồng Nai','Tân Uyên, Bình Dương','01688786834','itw@gmail.com','itw@tdtu.edu.vn','TDTU',NULL,NULL,0,'1','2023-11-04 21:45:46.000','sys_user');

CREATE TABLE TDT_DEGREE (
    ID NUMBER(19,0) GENERATED BY DEFAULT AS IDENTITY (START WITH 100 INCREMENT BY 3) NOT NULL,
    DEGREE VARCHAR2(255 CHAR) NOT NULL,
    SIGNATURE VARCHAR2(255 CHAR) NOT NULL,
    DISPLAY_ORDER  NUMBER(19,0) DEFAULT 9999 NOT NULL,
    IS_ACTIVE CHAR(1 CHAR) DEFAULT '1' NOT NULL,
    CREATED_AT DATE DEFAULT CURRENT_TIMESTAMP NOT NULL,
    CREATED_BY  VARCHAR2(255 CHAR) NOT NULL,
    UPDATED_AT DATE DEFAULT NULL,
    UPDATE_BY VARCHAR2(255 CHAR) DEFAULT NULL,
	CONSTRAINT PK_DEGREE PRIMARY KEY (ID),
	CONSTRAINT UQ_DEGREE_01 UNIQUE(SIGNATURE)
);

INSERT INTO TDT_DEGREE (ID,DEGREE,SIGNATURE,DISPLAY_ORDER,IS_ACTIVE,CREATED_AT,CREATED_BY) VALUES
   (6,'Cử nhân','CN',7,'1',CURRENT_TIMESTAMP,'sys_user'),
   (7,'Kỹ sư','KS',6,'1',CURRENT_TIMESTAMP,'sys_user'),
   (5,'Nghiên cứu sinh','NCS',5,'1',CURRENT_TIMESTAMP,'sys_user'),
   (4,'Thạc sĩ','Ths',4,'1',CURRENT_TIMESTAMP,'sys_user'),
   (3,'Tiến sĩ','TS',3,'1',CURRENT_TIMESTAMP,'sys_user'),
   (2,'Phó giáo sư','PGS',2,'1',CURRENT_TIMESTAMP,'sys_user'),
   (1,'Giáo sư','GS',1,'1',CURRENT_TIMESTAMP,'sys_user');

CREATE TABLE TDT_GRADUATION_TYPE (
	ID NUMBER(19,0) GENERATED BY DEFAULT AS IDENTITY (START WITH 100 INCREMENT BY 3) NOT NULL,
    GRADUATION_TYPE VARCHAR2(255 CHAR) NOT NULL,
    IS_ACTIVE CHAR(1 CHAR) DEFAULT '1' NOT NULL,
    CREATED_AT DATE DEFAULT CURRENT_TIMESTAMP NOT NULL,
    CREATED_BY  VARCHAR2(255 CHAR) NOT NULL,
    UPDATED_AT DATE DEFAULT NULL,
    UPDATE_BY VARCHAR2(255 CHAR) DEFAULT NULL,
	CONSTRAINT PK_GRADUATION_TYPE PRIMARY KEY (ID),
	CONSTRAINT UQ_GRADUATION_TYPE_01 UNIQUE(GRADUATION_TYPE)
);

INSERT INTO TDT_GRADUATION_TYPE (ID,GRADUATION_TYPE,IS_ACTIVE,CREATED_AT,CREATED_BY) VALUES
	 (1,'Xuất sắc','1',CURRENT_TIMESTAMP,'sys_user'),
	 (2,'Giỏi','1',CURRENT_TIMESTAMP,'sys_user'),
	 (3,'Khá','1',CURRENT_TIMESTAMP,'sys_user'),
	 (4,'Trung bình','1',CURRENT_TIMESTAMP,'sys_user'),
	 (5,'Yếu','1',CURRENT_TIMESTAMP,'sys_user'),
	 (6,'Kém','1',CURRENT_TIMESTAMP,'sys_user');

CREATE TABLE TDT_TRAINING_PROCESS (
	ID NUMBER(19,0) GENERATED BY DEFAULT AS IDENTITY (START WITH 100 INCREMENT BY 3) NOT NULL,
    LECTURER_ID NUMBER(19,0) NOT NULL,
    QUALIFICATION_ID NUMBER(19,0) DEFAULT 7 NOT NULL,
    UNIVERSITY  VARCHAR2(255 CHAR),
    MAJOR  VARCHAR2(255 CHAR),
    GRADUATION_YEAR  NUMBER(19,0),
    THESIS_TITLE  VARCHAR2(255 CHAR),
    INSTRUCTOR VARCHAR2(255 CHAR),
    GRADUATION_TYPE_ID  NUMBER(19,0) DEFAULT 0 NOT NULL,
    IS_ACTIVE CHAR(1 CHAR) DEFAULT '1' NOT NULL,
    CREATED_AT DATE DEFAULT CURRENT_TIMESTAMP NOT NULL,
    CREATED_BY  VARCHAR2(255 CHAR) NOT NULL,
    UPDATED_AT DATE DEFAULT NULL,
    UPDATE_BY VARCHAR2(255 CHAR) DEFAULT NULL,
	CONSTRAINT PK_TRAINING_PROCESS  PRIMARY KEY (ID),
	CONSTRAINT FK_TRAINING_PROCESS_LECTURER FOREIGN KEY (LECTURER_ID) REFERENCES TDT_LECTURER(ID) ON DELETE RESTRICT ON UPDATE RESTRICT,
	CONSTRAINT FK_TRAINING_PROCESS_QUALIFICATION FOREIGN KEY (QUALIFICATION_ID) REFERENCES TDT_DEGREE(ID) ON DELETE RESTRICT ON UPDATE RESTRICT,
	CONSTRAINT FK_TRAINING_PROCESS_GRADUATION_TYPE FOREIGN KEY (GRADUATION_TYPE_ID) REFERENCES TDT_GRADUATION_TYPE(ID) ON DELETE RESTRICT ON UPDATE RESTRICT
);

INSERT INTO TDT_TRAINING_PROCESS (ID, LECTURER_ID, QUALIFICATION_ID, UNIVERSITY, MAJOR, GRADUATION_YEAR, THESIS_TITLE, INSTRUCTOR, GRADUATION_TYPE_ID, IS_ACTIVE, CREATED_AT, CREATED_BY)VALUES
	 (1,1,7,'Đại học ABC','Công nghệ',2010,NULL,NULL,2,'1',CURRENT_TIMESTAMP,'sys_user'),
	 (2,2,7,'Đại học XYZ','Khoa học',2015,NULL,NULL,1,'1',CURRENT_TIMESTAMP,'sys_user'),
	 (3,3,7,'Đại học DEF','Quản trị',2013,NULL,NULL,1,'1',CURRENT_TIMESTAMP,'sys_user'),
	 (4,4,7,'Đại học ABC','Ngôn ngữ',2008,NULL,NULL,2,'1',CURRENT_TIMESTAMP,'sys_user'),
	 (5,5,7,'Đại học XYZ','Ngoại ngữ',2011,NULL,NULL,3,'1',CURRENT_TIMESTAMP,'sys_user'),
     (6,1,6,'Đại học 6','Công nghệ 1',2010,NULL,NULL,2,'1',CURRENT_TIMESTAMP,'sys_user'),
     (7,1,5,'Đại học 7','Công nghệ 2',2010,NULL,NULL,2,'1',CURRENT_TIMESTAMP,'sys_user'),
     (8,2,4,'Đại học 8','Khoa học 2',2015,NULL,NULL,1,'1',CURRENT_TIMESTAMP,'sys_user'),
     (9,2,3,'Đại học 9','Khoa học 4',2015,NULL,NULL,1,'1',CURRENT_TIMESTAMP,'sys_user'),
     (10,3,2,'Đại học 10','Khoa học 5',2015,NULL,NULL,1,'1',CURRENT_TIMESTAMP,'sys_user'),
     (11,4,1,'Đại học Ngoại ngữ','Ngoại ngữ',2011,NULL,NULL,3,'1',CURRENT_TIMESTAMP,'sys_user'),
     (12,6,1,'Đại học Ngoại ngữ','Ngoại ngữ',2011,NULL,NULL,3,'1',CURRENT_TIMESTAMP,'sys_user'),
     (13,6,2,'Đại học Ngoại ngữ','Ngoại ngữ',2011,NULL,NULL,3,'1',CURRENT_TIMESTAMP,'sys_user'),
     (14,6,7,'Đại học Ngoại ngữ','Ngoại ngữ',2011,NULL,NULL,3,'1',CURRENT_TIMESTAMP,'sys_user');

CREATE TABLE TDT_LANGUAGE (
    ID NUMBER(19,0) GENERATED BY DEFAULT AS IDENTITY (START WITH 100 INCREMENT BY 3) NOT NULL,
    LANGUAGE_NAME VARCHAR2(50 CHAR) NULL,
    IS_ACTIVE CHAR(1 CHAR) DEFAULT '1' NOT NULL,
    CREATED_AT DATE DEFAULT CURRENT_TIMESTAMP NOT NULL,
    CREATED_BY  VARCHAR2(255 CHAR) NOT NULL,
    UPDATED_AT DATE DEFAULT NULL,
    UPDATE_BY VARCHAR2(255 CHAR) DEFAULT NULL,
    CONSTRAINT PK_LANGUAGE PRIMARY KEY(ID)
);

INSERT INTO TDT_LANGUAGE (ID,LANGUAGE_NAME,IS_ACTIVE,CREATED_AT,CREATED_BY) VALUES
    (1,'Việt','1',CURRENT_TIMESTAMP,'sys_user'),
    (2,'Anh','1',CURRENT_TIMESTAMP,'sys_user'),
    (3,'Nhật','1',CURRENT_TIMESTAMP,'sys_user'),
    (4,'Pháp','1',CURRENT_TIMESTAMP,'sys_user'),
    (5,'Trung','1',CURRENT_TIMESTAMP,'sys_user');

CREATE TABLE TDT_TRAINING_LANGUAGE (
    ID NUMBER(19,0) GENERATED BY DEFAULT AS IDENTITY (START WITH 100 INCREMENT BY 3) NOT NULL,
    TRAINING_PROCESS_ID NUMBER(19,0)  NOT NULL,
    LANGUAGE_ID NUMBER(19,0) DEFAULT 1 NOT NULL,
    IS_ACTIVE CHAR(1 CHAR) DEFAULT '1' NOT NULL,
    CREATED_AT DATE DEFAULT CURRENT_TIMESTAMP NOT NULL,
    CREATED_BY  VARCHAR2(255 CHAR) NOT NULL,
    UPDATED_AT DATE DEFAULT NULL,
    UPDATE_BY VARCHAR2(255 CHAR) DEFAULT NULL,
    CONSTRAINT PK_TRAINING_LANGUAGE PRIMARY KEY(ID),
    CONSTRAINT FK_TRAINING_LANGUAGE_TRAINING_PROCESS FOREIGN KEY (TRAINING_PROCESS_ID) REFERENCES TDT_TRAINING_PROCESS(ID) ON DELETE RESTRICT ON UPDATE RESTRICT,
    CONSTRAINT FK_TRAINING_LANGUAGE_LANGUAGE FOREIGN KEY (LANGUAGE_ID) REFERENCES TDT_LANGUAGE(ID) ON DELETE RESTRICT ON UPDATE RESTRICT
);

INSERT INTO TDT_TRAINING_LANGUAGE (ID,TRAINING_PROCESS_ID,LANGUAGE_ID,IS_ACTIVE,CREATED_AT,CREATED_BY) VALUES
    (1,1,1,'1',CURRENT_TIMESTAMP,'sys_user'),
    (2,1,2,'1',CURRENT_TIMESTAMP,'sys_user'),
    (3,1,3,'1',CURRENT_TIMESTAMP,'sys_user'),
    (4,1,4,'1',CURRENT_TIMESTAMP,'sys_user'),
    (5,2,1,'1',CURRENT_TIMESTAMP,'sys_user'),
    (6,2,2,'1',CURRENT_TIMESTAMP,'sys_user'),
    (7,3,2,'1',CURRENT_TIMESTAMP,'sys_user'),
    (8,3,5,'1',CURRENT_TIMESTAMP,'sys_user'),
    (9,4,3,'1',CURRENT_TIMESTAMP,'sys_user'),
    (10,4,5,'1',CURRENT_TIMESTAMP,'sys_user'),
    (11,5,1,'1',CURRENT_TIMESTAMP,'sys_user');

CREATE TABLE TDT_CERTIFICATE_TYPE (
	TYPE_ID NUMBER(19,0) GENERATED BY DEFAULT AS IDENTITY (START WITH 100 INCREMENT BY 3) NOT NULL,
    TYPE VARCHAR2(255 CHAR) NOT NULL,
    IS_ACTIVE CHAR(1 CHAR) DEFAULT '1' NOT NULL,
    CREATED_AT DATE DEFAULT CURRENT_TIMESTAMP NOT NULL,
    CREATED_BY  VARCHAR2(255 CHAR) NOT NULL,
    UPDATED_AT DATE DEFAULT NULL,
    UPDATE_BY VARCHAR2(255 CHAR) DEFAULT NULL,
    CONSTRAINT PK_CERTIFICATE_TYPE PRIMARY KEY (TYPE_ID)
);

INSERT INTO TDT_CERTIFICATE_TYPE (TYPE_ID,TYPE,IS_ACTIVE,CREATED_AT,CREATED_BY) VALUES
	 (1,'IELTS',1,CURRENT_TIMESTAMP,'sys_user'),
	 (2,'TOEFL iBT',1,CURRENT_TIMESTAMP,'sys_user'),
	 (3,'TOEIC',1,CURRENT_TIMESTAMP,'sys_user'),
	 (4,'Cambridge',1,CURRENT_TIMESTAMP,'sys_user'),
	 (5,'Aptis ESOL',1,CURRENT_TIMESTAMP,'sys_user');

CREATE TABLE TDT_CERTIFICATE(
    ID NUMBER(19,0) GENERATED BY DEFAULT AS IDENTITY (START WITH 100 INCREMENT BY 3) NOT NULL,
    LECTURER_ID NUMBER(19,0),
    CERTIFICATE_TYPE NUMBER(19,0) NOT NULL,
    GRADE VARCHAR2(255 CHAR),
    IS_ACTIVE CHAR(1 CHAR) DEFAULT '1' NOT NULL,
    CREATED_AT DATE DEFAULT CURRENT_TIMESTAMP NOT NULL,
    CREATED_BY  VARCHAR2(255 CHAR) NOT NULL,
    UPDATED_AT DATE DEFAULT NULL,
    UPDATE_BY VARCHAR2(255 CHAR) DEFAULT NULL,
    CONSTRAINT CONSTRAINT_CERTIFICATE PRIMARY KEY (ID),
    CONSTRAINT CONSTRAINT_FK_CERTIFICATE_LECTURER FOREIGN KEY (LECTURER_ID) REFERENCES TDT_LECTURER(ID) ON DELETE RESTRICT ON UPDATE RESTRICT,
    CONSTRAINT CONSTRAINT_FK_CERTIFICATE_CERTIFICATE_TYPE FOREIGN KEY (CERTIFICATE_TYPE) REFERENCES TDT_CERTIFICATE_TYPE(TYPE_ID) ON DELETE RESTRICT ON UPDATE RESTRICT
);

CREATE TABLE TDT_SCHOOL_YEAR(
    SCHOOL_YEAR NUMBER(19,0) NOT NULL,
    SCHOOL_YEAR_LABELS VARCHAR2(50 CHAR) NOT NULL,
    IS_ACTIVE CHAR(1 CHAR) DEFAULT '1' NOT NULL,
    CREATED_AT DATE DEFAULT CURRENT_TIMESTAMP NOT NULL,
    CREATED_BY  VARCHAR2(255 CHAR) NOT NULL,
    UPDATED_AT DATE DEFAULT NULL,
    UPDATE_BY VARCHAR2(255 CHAR) DEFAULT NULL,
    CONSTRAINT CONSTRAINT_SCHOOL_YEAR PRIMARY KEY (SCHOOL_YEAR)
);

INSERT INTO TDT_SCHOOL_YEAR (SCHOOL_YEAR,SCHOOL_YEAR_LABELS,IS_ACTIVE,CREATED_AT,CREATED_BY) VALUES
	(2018,'2018-2019','1',CURRENT_TIMESTAMP,'sys_user'),
	(2019,'2019-2020','1',CURRENT_TIMESTAMP,'sys_user'),
	(2020,'2020-2021','1',CURRENT_TIMESTAMP,'sys_user'),
	(2021,'2021-2022','1',CURRENT_TIMESTAMP,'sys_user'),
	(2022,'2022-2023','1',CURRENT_TIMESTAMP,'sys_user'),
	(2023,'2023-2024','1',CURRENT_TIMESTAMP,'sys_user'),
	(2024,'2024-2025','1',CURRENT_TIMESTAMP,'sys_user'),
	(2025,'2025-2026','1',CURRENT_TIMESTAMP,'sys_user');

CREATE TABLE TDT_SEMESTER(
	SCHOOL_YEAR NUMBER(19,0) NOT NULL,
	SEMESTER NUMBER(19,0) NOT NULL,
	SEMESTER_LABELS VARCHAR2(50 CHAR) NOT NULL,
	IS_ACTIVE CHAR(1 CHAR) DEFAULT '1' NOT NULL,
    CREATED_AT DATE DEFAULT CURRENT_TIMESTAMP NOT NULL,
    CREATED_BY VARCHAR2(255 CHAR) NOT NULL,
    UPDATED_AT DATE DEFAULT NULL,
    UPDATE_BY VARCHAR2(255 CHAR) DEFAULT NULL,
    CONSTRAINT CONSTRAINT_SEMESTER PRIMARY KEY (SEMESTER),
    CONSTRAINT FK_SEMESTER_SCHOOL_YEAR FOREIGN KEY (SCHOOL_YEAR) REFERENCES TDT_SCHOOL_YEAR(SCHOOL_YEAR) ON DELETE RESTRICT ON UPDATE RESTRICT
);

INSERT INTO TDT_SEMESTER (SCHOOL_YEAR,SEMESTER,SEMESTER_LABELS,IS_ACTIVE,CREATED_AT,CREATED_BY) VALUES
    (2018,201801,'Học kỳ 1/ 2018-2019','1',CURRENT_TIMESTAMP,'sys_user'),
    (2018,201802,'Học kỳ 2/ 2018-2019','1',CURRENT_TIMESTAMP,'sys_user'),
    (2018,201803,'Học kỳ hè/ 2018-2019','1',CURRENT_TIMESTAMP,'sys_user'),

    (2019,201901,'Học kỳ 1/ 2019-2020','1',CURRENT_TIMESTAMP,'sys_user'),
    (2019,201902,'Học kỳ 2/ 2019-2020','1',CURRENT_TIMESTAMP,'sys_user'),
    (2019,201903,'Học kỳ hè/ 2019-2020','1',CURRENT_TIMESTAMP,'sys_user'),

    (2020,202001,'Học kỳ 1/ 2020-2021','1',CURRENT_TIMESTAMP,'sys_user'),
    (2020,202002,'Học kỳ 2/ 2020-2021','1',CURRENT_TIMESTAMP,'sys_user'),
    (2020,202003,'Học kỳ hè/ 2020-2021','1',CURRENT_TIMESTAMP,'sys_user'),

    (2021,202101,'Học kỳ 1/ 2021-2022','1',CURRENT_TIMESTAMP,'sys_user'),
    (2021,202102,'Học kỳ 2/ 2021-2022','1',CURRENT_TIMESTAMP,'sys_user'),
    (2021,202103,'Học kỳ hè/ 2021-2022','1',CURRENT_TIMESTAMP,'sys_user'),

    (2022,202201,'Học kỳ 1/ 2022-2023','1',CURRENT_TIMESTAMP,'sys_user'),
    (2022,202202,'Học kỳ 2/ 2022-2023','1',CURRENT_TIMESTAMP,'sys_user'),
    (2022,202203,'Học kỳ hè/ 2022-2023','1',CURRENT_TIMESTAMP,'sys_user'),

    (2023,202301,'Học kỳ 1/ 2023-2024','1',CURRENT_TIMESTAMP,'sys_user'),
    (2023,202302,'Học kỳ 2/ 2023-2024','1',CURRENT_TIMESTAMP,'sys_user'),
    (2023,202303,'Học kỳ hè/ 2023-2024','1',CURRENT_TIMESTAMP,'sys_user'),

    (2024,202401,'Học kỳ 1/ 2024-2025','1',CURRENT_TIMESTAMP,'sys_user'),
    (2024,202402,'Học kỳ 2/ 2024-2025','1',CURRENT_TIMESTAMP,'sys_user'),
    (2024,202403,'Học kỳ hè/ 2024-2025','1',CURRENT_TIMESTAMP,'sys_user'),

    (2025,202501,'Học kỳ 1/ 2025-2026','1',CURRENT_TIMESTAMP,'sys_user'),
    (2025,202502,'Học kỳ 2/ 2025-2026','1',CURRENT_TIMESTAMP,'sys_user'),
    (2025,202503,'Học kỳ hè/ 2025-2026','1',CURRENT_TIMESTAMP,'sys_user');

CREATE TABLE TDT_SATISFACTORY_SCORE (
    ID NUMBER(19,0) GENERATED BY DEFAULT AS IDENTITY (START WITH 100 INCREMENT BY 3) NOT NULL,
    LECTURER_ID NUMBER(19,0),
    SUBJECT_ID VARCHAR2(50 CHAR),
    SEMESTER NUMBER(19,0),
    SATISFACTORY_SCORE NUMBER(19,0),
    IS_ACTIVE CHAR(1 CHAR) DEFAULT '1' NOT NULL,
    CREATED_AT DATE DEFAULT CURRENT_TIMESTAMP NOT NULL,
    CREATED_BY  VARCHAR2(255 CHAR) NOT NULL,
    UPDATED_AT DATE DEFAULT NULL,
    UPDATE_BY VARCHAR2(255 CHAR) DEFAULT NULL,
	CONSTRAINT PK_SATISFACTORY_SCORE PRIMARY KEY (ID),
	CONSTRAINT FK_SATISFACTORY_SCORE_LECTURER FOREIGN KEY (LECTURER_ID) REFERENCES TDT_LECTURER(ID) ON DELETE RESTRICT ON UPDATE RESTRICT,
	CONSTRAINT FK_SATISFACTORY_SCORE_SUBJECT_ID FOREIGN KEY (SUBJECT_ID) REFERENCES TDT_SUBJECT(SUBJECT_ID) ON DELETE RESTRICT ON UPDATE RESTRICT,
	CONSTRAINT FK_SATISFACTORY_SCORE_SEMESTER FOREIGN KEY (SEMESTER) REFERENCES TDT_SEMESTER(SEMESTER) ON DELETE RESTRICT ON UPDATE RESTRICT
);

INSERT INTO TDT_SATISFACTORY_SCORE (ID,LECTURER_ID,SUBJECT_ID,SEMESTER,SATISFACTORY_SCORE,IS_ACTIVE,CREATED_AT,CREATED_BY) VALUES
   (1,1,'504078',202301,5,'1',CURRENT_TIMESTAMP,'sys_user'),
   (2,2,'504074',202301,4,'1',CURRENT_TIMESTAMP,'sys_user'),
   (3,3,'502CM1',202302,5,'1',CURRENT_TIMESTAMP,'sys_user'),
   (4,4,'504074',202302,4,'1',CURRENT_TIMESTAMP,'sys_user'),
   (5,5,'502CM1',202303,5,'1',CURRENT_TIMESTAMP,'sys_user');

CREATE TABLE TDT_TEACHING_HISTORY (
	ID NUMBER(19,0) GENERATED BY DEFAULT AS IDENTITY (START WITH 100 INCREMENT BY 3) NOT NULL,
	LECTURER_ID NUMBER(19,0),
    SEMESTER_ID NUMBER(19,0),
    SUBJECT_ID VARCHAR2(255 CHAR),
    SYSTEM_ID NUMBER(19,0) DEFAULT 1 NOT NULL,
    IS_ACTIVE CHAR(1 CHAR) DEFAULT '1' NOT NULL,
    CREATED_AT DATE DEFAULT CURRENT_TIMESTAMP NOT NULL,
    CREATED_BY  VARCHAR2(255 CHAR) NOT NULL,
    UPDATED_AT DATE DEFAULT NULL,
    UPDATE_BY VARCHAR2(255 CHAR) DEFAULT NULL,
	CONSTRAINT PK_TEACHING_HISTORY PRIMARY KEY (ID),
	CONSTRAINT FK_TEACHING_HISTORY_LECTURER FOREIGN KEY (LECTURER_ID) REFERENCES TDT_LECTURER(ID) ON DELETE RESTRICT ON UPDATE RESTRICT,
	CONSTRAINT FK_TEACHING_HISTORY_SEMESTER FOREIGN KEY (SEMESTER_ID) REFERENCES TDT_SEMESTER(SEMESTER) ON DELETE RESTRICT ON UPDATE RESTRICT,
	CONSTRAINT FK_TEACHING_HISTORY_SUBJECT FOREIGN KEY (SUBJECT_ID) REFERENCES TDT_SUBJECT(SUBJECT_ID) ON DELETE RESTRICT ON UPDATE RESTRICT,
	CONSTRAINT FK_SYSTEM_TRAINING_SYSTEM FOREIGN KEY (SYSTEM_ID) REFERENCES TDT_TRAINING_SYSTEM(SYSTEM_ID) ON DELETE RESTRICT ON UPDATE RESTRICT
);

INSERT INTO TDT_TEACHING_HISTORY (ID,LECTURER_ID,SEMESTER_ID,SUBJECT_ID,IS_ACTIVE,CREATED_AT,CREATED_BY) VALUES
	 (1,1,202301,'502043_LT','1',CURRENT_TIMESTAMP,'sys_user'),
	 (2,2,202301,'502056','1',CURRENT_TIMESTAMP,'sys_user'),
	 (3,3,202302,'502051_TH','1',CURRENT_TIMESTAMP,'sys_user'),
	 (4,4,202302,'502051_LT','1',CURRENT_TIMESTAMP,'sys_user'),
	 (5,5,202303,'502046_LT','1',CURRENT_TIMESTAMP,'sys_user');

CREATE TABLE TDT_TEACHING_LOG (
	ID NUMBER(19,0) GENERATED BY DEFAULT AS IDENTITY (START WITH 100 INCREMENT BY 3) NOT NULL,
    TEACHING_HISTORY_ID NUMBER(19,0) NOT NULL,
	ABSENCE_REPORT NUMBER(19,0) DEFAULT 0 NOT NULL,
	COMPENSATORY_LEARNING_REPORT NUMBER(19,0) DEFAULT 0 NOT NULL,
	SUPERVISOR_REMINDER NUMBER(19,0) DEFAULT 0 NOT NULL,
	LATE_ARRIVAL NUMBER(19,0) DEFAULT 0 NOT NULL,
	EARLY_DEPARTURE NUMBER(19,0) DEFAULT 0 NOT NULL,
	CONDUCT NUMBER(19,0) DEFAULT 0 NOT NULL,
	GRADING_ERROR NUMBER(19,0) DEFAULT 0 NOT NULL,
	LATE_SUBMISSION NUMBER(19,0) DEFAULT 0 NOT NULL,
	REASSESSMENT NUMBER(19,0) DEFAULT 0 NOT NULL,
	PASS_MANY_EXAMS NUMBER(19,0) DEFAULT 0 NOT NULL,
	FAIL_MANY_EXAMS NUMBER(19,0) DEFAULT 0 NOT NULL,
    IS_ACTIVE CHAR(1 CHAR) DEFAULT '1' NOT NULL,
    CREATED_AT DATE DEFAULT CURRENT_TIMESTAMP NOT NULL,
    CREATED_BY  VARCHAR2(255 CHAR) NOT NULL,
    UPDATED_AT DATE DEFAULT NULL,
    UPDATE_BY VARCHAR2(255 CHAR) DEFAULT NULL,
	CONSTRAINT PK_TEACHING_LOG PRIMARY KEY (ID),
	CONSTRAINT FK_TEACHING_LOG_TEACHING_HISTORY FOREIGN KEY (TEACHING_HISTORY_ID) REFERENCES TDT_TEACHING_HISTORY(ID) ON DELETE RESTRICT ON UPDATE RESTRICT
);

INSERT INTO TDT_TEACHING_LOG (ID,TEACHING_HISTORY_ID,ABSENCE_REPORT,COMPENSATORY_LEARNING_REPORT,SUPERVISOR_REMINDER,LATE_ARRIVAL,EARLY_DEPARTURE,CONDUCT,GRADING_ERROR,LATE_SUBMISSION,REASSESSMENT,PASS_MANY_EXAMS,FAIL_MANY_EXAMS,IS_ACTIVE,CREATED_AT,CREATED_BY) VALUES
	 (1,1,0,1,0,1,0,0,2,0,1,0,1,'1',CURRENT_TIMESTAMP,'sys_user'),
	 (2,2,1,0,0,0,0,1,1,0,0,0,0,'1',CURRENT_TIMESTAMP,'sys_user'),
	 (3,3,0,0,1,0,0,0,0,1,0,1,0,'1',CURRENT_TIMESTAMP,'sys_user'),
	 (4,4,0,0,0,0,0,0,0,0,0,0,0,'1',CURRENT_TIMESTAMP,'sys_user'),
	 (5,5,0,1,0,0,0,0,0,0,0,0,0,'1',CURRENT_TIMESTAMP,'sys_user');

CREATE TABLE TDT_ROLE_CATEGORY(
	ID NUMBER(19,0) GENERATED BY DEFAULT AS IDENTITY  (START WITH 100 INCREMENT BY 3)  NOT NULL,
    CATEGORY_NAME_VN VARCHAR2(50 CHAR) NULL,
    CATEGORY_NAME_EN VARCHAR2(50 CHAR) NULL,
    IS_ACTIVE CHAR(1 CHAR) DEFAULT '1' NOT NULL,
    CREATED_AT DATE DEFAULT CURRENT_TIMESTAMP NOT NULL,
    CREATED_BY  VARCHAR2(255 CHAR) NOT NULL,
    UPDATED_AT DATE DEFAULT NULL,
    UPDATE_BY VARCHAR2(255 CHAR) DEFAULT NULL,
	PRIMARY KEY(ID)
);

INSERT INTO TDT_ROLE_CATEGORY (ID,CATEGORY_NAME_VN,CATEGORY_NAME_EN,IS_ACTIVE,CREATED_AT,CREATED_BY) VALUES
    (1,'Trang chủ','HomePage','1',CURRENT_TIMESTAMP,'sys_user'),
    (2,'Nhân sự','HR','1',CURRENT_TIMESTAMP,'sys_user'),
    (3,'Danh mục nhân sự','HR Category','1',CURRENT_TIMESTAMP,'sys_user'),
    (4,'Lương','Salary','1',CURRENT_TIMESTAMP,'sys_user'),
    (5,'Danh mục Lương','Salary Category','1',CURRENT_TIMESTAMP,'sys_user'),
    (6,'Hợp đồng','Contract','1',CURRENT_TIMESTAMP,'sys_user'),
    (7,'Danh mục hợp đồng','Contract Category','1',CURRENT_TIMESTAMP,'sys_user'),
    (8,'Hệ thống','System','1',CURRENT_TIMESTAMP,'sys_user');

CREATE TABLE TDT_ROLE(
	ID NUMBER(19,0) GENERATED BY DEFAULT AS IDENTITY  (START WITH 100 INCREMENT BY 3)  NOT NULL,
    EMPLOYEE_ID NUMBER(19,0) NULL,
    CATEGORY_ROLE NUMBER(19,0) NULL,
    ROLE_VIEW CHAR(1 CHAR) DEFAULT '0' NULL,
	ROLE_UPDATE CHAR(1 CHAR) DEFAULT '0' NULL,
	ROLE_DELETE CHAR(1 CHAR) DEFAULT '0' NULL,
    IS_ACTIVE CHAR(1 CHAR) DEFAULT '1' NOT NULL,
    CREATED_AT DATE DEFAULT CURRENT_TIMESTAMP NOT NULL,
    CREATED_BY  VARCHAR2(255 CHAR) NOT NULL,
    UPDATED_AT DATE DEFAULT NULL,
    UPDATE_BY VARCHAR2(255 CHAR) DEFAULT NULL,
	PRIMARY KEY(ID)
);


ALTER TABLE TDT_ROLE
    ADD CONSTRAINT FK_ROLE_ROLE_CATEGORY FOREIGN KEY(CATEGORY_ROLE)
        REFERENCES TDT_ROLE_CATEGORY(ID)
;

ALTER TABLE TDT_ROLE
    ADD CONSTRAINT FK_ROLE_INSTRUCTOR FOREIGN KEY(EMPLOYEE_ID)
        REFERENCES TDT_LECTURER(ID)
;

INSERT INTO TDT_ROLE (ID,EMPLOYEE_ID,CATEGORY_ROLE,ROLE_VIEW,ROLE_UPDATE,ROLE_DELETE,IS_ACTIVE,CREATED_AT,CREATED_BY) VALUES
    (1,1,1,'1','1','1','1',CURRENT_TIMESTAMP,'sys_user'),
    (2,2,1,'1','1','1','1',CURRENT_TIMESTAMP,'sys_user'),
    (3,1,6,'1','1','1','0',CURRENT_TIMESTAMP,'sys_user'),
    (4,1,7,'1','1','1','1',CURRENT_TIMESTAMP,'sys_user'),
    (5,1,5,'1','1','1','1',CURRENT_TIMESTAMP,'sys_user'),
    (6,1,3,'1','1','1','1',CURRENT_TIMESTAMP,'sys_user'),
    (7,1,8,'1','1','1','1',CURRENT_TIMESTAMP,'sys_user'),
    (8,1,4,'1','1','1','1',CURRENT_TIMESTAMP,'sys_user'),
    (9,1,2,'1','1','1','1',CURRENT_TIMESTAMP,'sys_user'),
    (10,2,2,'1','1','1','1',CURRENT_TIMESTAMP,'sys_user'),
    (11,2,3,'1','0','0','1',CURRENT_TIMESTAMP,'sys_user'),
    (12,2,4,'1','0','0','1',CURRENT_TIMESTAMP,'sys_user'),
    (13,2,5,'1','0','0','1',CURRENT_TIMESTAMP,'sys_user'),
    (14,2,6,'1','0','0','1',CURRENT_TIMESTAMP,'sys_user'),
    (15,2,7,'1','0','0','1',CURRENT_TIMESTAMP,'sys_user'),
    (16,2,8,'1','0','0','1',CURRENT_TIMESTAMP,'sys_user');


CREATE TABLE TDT_USER_PROFILE(
	USER_ID NUMBER(19,0) GENERATED BY DEFAULT AS IDENTITY  (START WITH 100 INCREMENT BY 3)  NOT NULL,
    USER_NAME VARCHAR2(100 CHAR) NULL,
    EMPLOYEE_ID NUMBER(19,0) NULL,
    PASSWORD VARCHAR2(255 CHAR) NULL,
    ROLE_LIST VARCHAR2(50 CHAR) NULL,
    IS_MANAGEMENT CHAR(1 CHAR) DEFAULT '0' NULL,
	ACCOUNT_STATUS NUMBER(19,0) DEFAULT 0 NULL,
	IP_LAST_LOGIN VARCHAR2(50 CHAR) NULL,
	DATE_LAST_LOGIN DATE NULL,
	TIME_NEXT_LOGIN DATE NULL,
	COUNT_LOGIN_FAILED NUMBER(19,0) NULL,
    IS_ACTIVE CHAR(1 CHAR) DEFAULT '1' NOT NULL,
    CREATED_AT DATE DEFAULT CURRENT_TIMESTAMP NOT NULL,
    CREATED_BY  VARCHAR2(255 CHAR) NOT NULL,
    UPDATED_AT DATE DEFAULT NULL,
    UPDATE_BY VARCHAR2(255 CHAR) DEFAULT NULL,
	PRIMARY KEY(USER_ID)
);

ALTER TABLE TDT_USER_PROFILE
    ADD CONSTRAINT FK_USERPROFILE_INSTRUCTOR FOREIGN KEY(EMPLOYEE_ID)
        REFERENCES TDT_LECTURER(ID)
;

INSERT INTO TDT_USER_PROFILE (USER_ID,USER_NAME,EMPLOYEE_ID,PASSWORD,IS_ACTIVE,ROLE_LIST,IS_MANAGEMENT,ACCOUNT_STATUS,IP_LAST_LOGIN,DATE_LAST_LOGIN,TIME_NEXT_LOGIN,COUNT_LOGIN_FAILED,CREATED_AT,CREATED_BY) VALUES
    (1,'admin',1,'$2a$10$xnUvVK8sV07imyzKTBnaWuNmiy7T1Dxhd6kWilR4GkMFQ0UcqHhxy','1',NULL,'1',0,NULL,NULL,NULL,NULL,CURRENT_TIMESTAMP,'sys_user'),
    (2,'minht',3,'$2a$10$xnUvVK8sV07imyzKTBnaWuNmiy7T1Dxhd6kWilR4GkMFQ0UcqHhxy','1',NULL,'0',0,NULL,NULL,NULL,NULL,CURRENT_TIMESTAMP,'sys_user'),
    (3,'tultc',2,'$2a$10$xnUvVK8sV07imyzKTBnaWuNmiy7T1Dxhd6kWilR4GkMFQ0UcqHhxy','1',NULL,'0',0,NULL,NULL,NULL,NULL,CURRENT_TIMESTAMP,'sys_user'),
    (4,'duyht',4,'$2a$10$xnUvVK8sV07imyzKTBnaWuNmiy7T1Dxhd6kWilR4GkMFQ0UcqHhxy','1',NULL,'0',0,NULL,NULL,NULL,NULL,CURRENT_TIMESTAMP,'sys_user'),
    (5,'toanhp',8,'$2a$10$xnUvVK8sV07imyzKTBnaWuNmiy7T1Dxhd6kWilR4GkMFQ0UcqHhxy','1',NULL,'0',0,NULL,NULL,NULL,NULL,CURRENT_TIMESTAMP,'sys_user'),
    (6,'admin1',1,'$2a$10$xnUvVK8sV07imyzKTBnaWuNmiy7T1Dxhd6kWilR4GkMFQ0UcqHhxy','0',NULL,'0',0,NULL,NULL,NULL,NULL,CURRENT_TIMESTAMP,'sys_user');