DROP TABLE IF EXISTS TDT_ROLE;
DROP TABLE IF EXISTS TDT_ROLECATEGORY;
DROP TABLE IF EXISTS TDT_USERPROFILE;
DROP TABLE IF EXISTS TDT_KCOEFFICIENTTABLE;
DROP TABLE IF EXISTS TDT_SATISFACTIONSCORE;
DROP TABLE IF EXISTS TDT_TEACHINGASSIGNMENTCONSTRAINTS;
DROP TABLE IF EXISTS TDT_TEACHINGHISTORY;
DROP TABLE IF EXISTS TDT_TEACHINGHISTORYLOG;
DROP TABLE IF EXISTS TDT_CHUNGCHI;
DROP TABLE IF EXISTS TDT_EDUCATIONLANGUAGE;
DROP TABLE IF EXISTS TDT_EDUCATIONHISTORY;
DROP TABLE IF EXISTS TDT_FOREIGNLANGUAGE;
DROP TABLE IF EXISTS TDT_COURSE;
DROP TABLE IF EXISTS TDT_INSTRUCTOR;


CREATE TABLE TDT_COURSE (
	COURSEID NUMBER(19,0) GENERATED BY DEFAULT AS IDENTITY (START WITH 100 INCREMENT BY 3) NOT NULL,
	MAMON VARCHAR2(20 CHAR),
	TENMON VARCHAR2(255 CHAR),
	SOTIET NUMBER(19,0),
	SOTINCHI NUMBER(19,0),
	LOAI VARCHAR2(20 CHAR),
    ISACTIVE CHAR(1 CHAR) DEFAULT '0' NOT NULL,
    CREATEDAT DATE DEFAULT CURRENT_TIMESTAMP NOT NULL,
    CREATEDBY  VARCHAR2(255 CHAR) NOT NULL,
    UPDATEDAT DATE DEFAULT NULL,
    UPDATEBY VARCHAR2(255 CHAR) DEFAULT NULL,
	CONSTRAINT CONSTRAINT_COURSE PRIMARY KEY (COURSEID)
);

INSERT INTO TDT_COURSE (COURSEID,MAMON,TENMON,SOTIET,SOTINCHI,LOAI,ISACTIVE,CREATEDAT,CREATEDBY) VALUES
	 (1,'IT101','Cơ sở dữ liệu',40,3,'Lý thuyết','1',CURRENT_TIMESTAMP,'sys_user'),
	 (2,'IT102','Lập trình Java',50,4,'Lý thuyết','1',CURRENT_TIMESTAMP,'sys_user'),
	 (3,'IT103','Khoa học dữ liệu',60,4,'Lý thuyết','1',CURRENT_TIMESTAMP,'sys_user'),
	 (4,'IT104','Mạng máy tính',45,3,'Lý thuyết','1',CURRENT_TIMESTAMP,'sys_user'),
	 (5,'IT105','Cấu trúc dữ liệu',55,4,'Lý thuyết','1',CURRENT_TIMESTAMP,'sys_user');

CREATE TABLE TDT_INSTRUCTOR (
	INSTRUCTORID NUMBER(19,0) GENERATED BY DEFAULT AS IDENTITY (START WITH 100 INCREMENT BY 3) NOT NULL,
	MASO VARCHAR2(255 CHAR),
    FIRSTNAME VARCHAR2(50 CHAR) NULL,
    FULLNAME VARCHAR2(100 CHAR) NOT NULL,
    GENDER CHAR(1 CHAR) DEFAULT '1' NOT NULL,
    IMAGES VARCHAR2(255 CHAR) NULL,
    BIRTHDAY DATE NULL,
	PLACEOFBIRTH VARCHAR2(50 CHAR) NULL,
	ADDRESS VARCHAR2(100 CHAR) NULL,
    ADDRESSTMP VARCHAR2(100 CHAR) NULL,
    PHONE VARCHAR2(20 CHAR) NULL,
    EMAIL VARCHAR2(50 CHAR) NULL,
	EMAILTDTU VARCHAR2(255 CHAR),
	NOILAMVIEC VARCHAR2(255 CHAR),
    ISACTIVE CHAR(1 CHAR) DEFAULT '0' NOT NULL,
    CREATEDAT DATE DEFAULT CURRENT_TIMESTAMP NOT NULL,
    CREATEDBY  VARCHAR2(255 CHAR) NOT NULL,
    UPDATEDAT DATE DEFAULT NULL,
    UPDATEBY VARCHAR2(255 CHAR) DEFAULT NULL,
	CONSTRAINT CONSTRAINT_INSTRUCTOR PRIMARY KEY (INSTRUCTORID)
);

INSERT INTO TDT_INSTRUCTOR (INSTRUCTORID,MASO,FIRSTNAME,FULLNAME,GENDER,IMAGES,BIRTHDAY,PLACEOFBIRTH,ADDRESS,ADDRESSTMP,PHONE,EMAIL,EMAILTDTU,NOILAMVIEC,ISACTIVE,CREATEDAT,CREATEDBY,UPDATEDAT,UPDATEBY) VALUES
    (1,'GV001','Hà Phú','Toàn','1','z4536063537611_b71410afc9987745ea24b1a9ff83f4e8.jpg','1991-08-19 00:00:00.000','An Long, Tam Nông,Đồng Tháp','Đường Tống Văn Lê , Ấp Tân Phú 2 , xã Tân Lý Đông','Nguyễn văn Tăng, Quận 9 , TPHCM','0955667788','haphutoan@gmail.com','haphutoan@tdtu.edu.vn','TDTU','1','2023-11-04 21:45:46.000','sys_user',NULL,NULL),
    (2,'GV002','Lê Thị Cẩm','Tú','0','z4627786454789_8c2f4b939bdf24386e71b5166bf3bf9a.jpg','1991-08-14 00:00:00.000','Tiền Giang','Cai lậy - Tiền Giang','Tân Uyên, Bình Dương','0366828282','tu@gmail.com','tu@tdtu.edu.vn','CTU','1','2023-11-04 21:45:46.000','sys_user',NULL,NULL),
    (3,'GV003','Nguyễn Thị Kim','Thanh','0','https://mir-s3-cdn-cf.behance.net/project_modules/fs/1454d038650505.598fa118c9674.jpg','1991-06-22 00:00:00.000','Đồng Nai','Đồng Nai','Long Bình - Đồng Nai','0123123123','thanhn@gmail.com','thanh@tdtu.edu.vn','RMIT','1','2023-11-04 21:45:46.000','sys_user',NULL,NULL),
    (4,'GV004','Nguyễn Thị Thu','Kim','0','https://mir-s3-cdn-cf.behance.net/project_modules/fs/e13eb438650505.598fa118c8eab.jpg','1991-04-18 00:00:00.000','Đồng Nai','Biên Hòa - Đồng Nai','Tân Uyên, Bình Dương','321634645','canhhongruclua@gmail.com','canhhongruclua@tdtu.edu.vn','UFM','1','2023-11-04 21:45:46.000','sys_user',NULL,NULL),
    (5,'GV005','Vũ Quốc','Hòa','0','https://mir-s3-cdn-cf.behance.net/project_modules/fs/0bdadd38650505.598fa118c9a00.jpg','1991-10-09 00:00:00.000','Hải Dương','Long Bình - Biên Hòa - Đồng Nai','Tân Uyên, Bình Dương','0972838671','hoa@gmail.com','hoan@tdtu.edu.vn','TDTU','1','2023-11-04 21:45:46.000','sys_user',NULL,NULL),
    (6,'GV005','Lê','Minh Châu','0','https://mir-s3-cdn-cf.behance.net/project_modules/fs/14809638650505.598fa118c91f3.jpg','1991-08-25 00:00:00.000','Đồng Nai','Đường Tống Văn Lê , Ấp Tân Phú 2 , xã Tân Lý Đông','Tân Uyên, Bình Dương','0972838671','haphutoanit@gmail.com','haphutoanit@tdtu.edu.vn','TDTU','1','2023-11-04 21:45:46.000','sys_user',NULL,NULL),
    (7,'GV005','Nguyễn Hoàng','Tú','1','https://mir-s3-cdn-cf.behance.net/project_modules/fs/db780138650505.598fa11956761.jpg','1990-05-17 00:00:00.000','Đồng Nai','Đường Tống Văn Lê , Ấp Tân Phú 2 , xã Tân Lý Đông','Tân Uyên, Bình Dương','03344558832','hatheduy@gmail.com','hatheduy@tdtu.edu.vn','TDTU','1','2023-11-04 21:45:46.000','sys_user',NULL,NULL),
    (8,'GV005','Hoàng Bảo','Ngọc','1','https://mir-s3-cdn-cf.behance.net/project_modules/fs/fd44d538650505.598fa11957245.jpg','1993-11-04 00:00:00.000','Đồng Nai','Biên Hòa - Đồng Nai','Tân Uyên, Bình Dương','01688786834','itw@gmail.com','itw@tdtu.edu.vn','TDTU','1','2023-11-04 21:45:46.000','sys_user',NULL,NULL);


CREATE TABLE TDT_CHUNGCHI(
    ID NUMBER(19,0) GENERATED BY DEFAULT AS IDENTITY (START WITH 100 INCREMENT BY 3) NOT NULL,
    INSTRUCTORID NUMBER(19,0),
    LOAICHUNGCHI VARCHAR2(50 CHAR),
    DIEM NUMBER(3,1),
    ISACTIVE CHAR(1 CHAR) DEFAULT '0' NOT NULL,
    CREATEDAT DATE DEFAULT CURRENT_TIMESTAMP NOT NULL,
    CREATEDBY  VARCHAR2(255 CHAR) NOT NULL,
    UPDATEDAT DATE DEFAULT NULL,
    UPDATEBY VARCHAR2(255 CHAR) DEFAULT NULL,
    CONSTRAINT CONSTRAINT_CHUNGCHI PRIMARY KEY (ID),
    CONSTRAINT CONSTRAINT_FK_CHUNGCHI_INSTRUCTOR FOREIGN KEY (INSTRUCTORID) REFERENCES TDT_INSTRUCTOR(INSTRUCTORID) ON DELETE RESTRICT ON UPDATE RESTRICT
);

CREATE TABLE TDT_FOREIGNLANGUAGE (
    ID NUMBER(19,0) GENERATED BY DEFAULT AS IDENTITY (START WITH 100 INCREMENT BY 3) NOT NULL,
    FOREIGNLANGUAGE VARCHAR2(50 CHAR) NULL,
    ISACTIVE CHAR(1 CHAR) DEFAULT '0' NOT NULL,
    CREATEDAT DATE DEFAULT CURRENT_TIMESTAMP NOT NULL,
    CREATEDBY  VARCHAR2(255 CHAR) NOT NULL,
    UPDATEDAT DATE DEFAULT NULL,
    UPDATEBY VARCHAR2(255 CHAR) DEFAULT NULL,
    CONSTRAINT CONSTRAINT_FOREIGNLANGUAGE PRIMARY KEY(ID)
);

INSERT INTO TDT_FOREIGNLANGUAGE (ID,FOREIGNLANGUAGE,ISACTIVE,CREATEDAT,CREATEDBY,UPDATEDAT,UPDATEBY) VALUES
    (1,'Việt','1',CURRENT_TIMESTAMP,'sys_user',NULL,NULL),
    (2,'Anh','1',CURRENT_TIMESTAMP,'sys_user',NULL,NULL),
    (3,'Nhật','1',CURRENT_TIMESTAMP,'sys_user',NULL,NULL),
    (4,'Pháp','1',CURRENT_TIMESTAMP,'sys_user',NULL,NULL),
    (5,'Trung','1',CURRENT_TIMESTAMP,'sys_user',NULL,NULL);

CREATE TABLE TDT_EDUCATIONHISTORY (
	EDUCATIONID NUMBER(19,0) GENERATED BY DEFAULT AS IDENTITY (START WITH 100 INCREMENT BY 3) NOT NULL,
	INSTRUCTORID NUMBER(19,0),
	LOAI VARCHAR2(20 CHAR),
	TRUONG VARCHAR2(255 CHAR),
	NGANH VARCHAR2(255 CHAR),
	NAMTOTNGHIEP NUMBER(19,0),
	TENDETAITOTNGHIEP VARCHAR2(255 CHAR),
	NGUOIHUONGDAN VARCHAR2(255 CHAR),
	LOAITOTNGHIEP VARCHAR2(20 CHAR),
    ISACTIVE CHAR(1 CHAR) DEFAULT '0' NOT NULL,
    CREATEDAT DATE DEFAULT CURRENT_TIMESTAMP NOT NULL,
    CREATEDBY  VARCHAR2(255 CHAR) NOT NULL,
    UPDATEDAT DATE DEFAULT NULL,
    UPDATEBY VARCHAR2(255 CHAR) DEFAULT NULL,
	CONSTRAINT CONSTRAINT_EDUCATIONHISTORY PRIMARY KEY (EDUCATIONID),
	CONSTRAINT CONSTRAINT_FK_EDUCATIONHISTORY_INSTRUCTOR FOREIGN KEY (INSTRUCTORID) REFERENCES TDT_INSTRUCTOR(INSTRUCTORID) ON DELETE RESTRICT ON UPDATE RESTRICT
);

INSERT INTO TDT_EDUCATIONHISTORY (EDUCATIONID,INSTRUCTORID,LOAI,TRUONG,NGANH,NAMTOTNGHIEP,TENDETAITOTNGHIEP,NGUOIHUONGDAN,LOAITOTNGHIEP,ISACTIVE,CREATEDAT,CREATEDBY) VALUES
	 (1,1,'Thạc sĩ','Đại học ABC','Công nghệ',2010,NULL,NULL,'Luận văn','1',CURRENT_TIMESTAMP,'sys_user'),
	 (2,2,'Tiến sĩ','Đại học XYZ','Khoa học',2015,NULL,NULL,'Đề tài tiến sĩ','1',CURRENT_TIMESTAMP,'sys_user'),
	 (3,3,'Tiến sĩ','Đại học DEF','Quản trị',2013,NULL,NULL,'Đề tài tiến sĩ','1',CURRENT_TIMESTAMP,'sys_user'),
	 (4,4,'Thạc sĩ','Đại học ABC','Ngôn ngữ',2008,NULL,NULL,'Luận văn','1',CURRENT_TIMESTAMP,'sys_user'),
	 (5,5,'Thạc sĩ','Đại học XYZ','Ngoại ngữ',2011,NULL,NULL,'Luận án thạc sĩ','1',CURRENT_TIMESTAMP,'sys_user');

CREATE TABLE TDT_EDUCATIONLANGUAGE (
    ID NUMBER(19,0) GENERATED BY DEFAULT AS IDENTITY (START WITH 100 INCREMENT BY 3) NOT NULL,
    EDUCATIONID NUMBER(19,0)  NOT NULL,
    FOREIGNID VARCHAR2(50 CHAR) DEFAULT '1' NOT NULL,
    ISACTIVE CHAR(1 CHAR) DEFAULT '0' NOT NULL,
    CREATEDAT DATE DEFAULT CURRENT_TIMESTAMP NOT NULL,
    CREATEDBY  VARCHAR2(255 CHAR) NOT NULL,
    UPDATEDAT DATE DEFAULT NULL,
    UPDATEBY VARCHAR2(255 CHAR) DEFAULT NULL,
    CONSTRAINT CONSTRAINT_EDUCATIONLANGUAGE PRIMARY KEY(ID),
    CONSTRAINT CONSTRAINT_FK_EDUCATIONLANGUAGE_EDUCATIONHISTORY FOREIGN KEY (EDUCATIONID) REFERENCES TDT_EDUCATIONHISTORY(EDUCATIONID) ON DELETE RESTRICT ON UPDATE RESTRICT
);

INSERT INTO TDT_EDUCATIONLANGUAGE (ID,EDUCATIONID,FOREIGNID,ISACTIVE,CREATEDAT,CREATEDBY,UPDATEDAT,UPDATEBY) VALUES
    (1,1,'1,2,3,4','1',CURRENT_TIMESTAMP,'sys_user',NULL,NULL),
    (2,1,'1,2','1',CURRENT_TIMESTAMP,'sys_user',NULL,NULL),
    (3,2,'2,4','1',CURRENT_TIMESTAMP,'sys_user',NULL,NULL),
    (4,2,'2,5','1',CURRENT_TIMESTAMP,'sys_user',NULL,NULL),
    (5,3,'4,5','1',CURRENT_TIMESTAMP,'sys_user',NULL,NULL),
    (6,4,'3,5','1',CURRENT_TIMESTAMP,'sys_user',NULL,NULL),
    (7,5,'1','1',CURRENT_TIMESTAMP,'sys_user',NULL,NULL);

CREATE TABLE TDT_KCOEFFICIENTTABLE (
	ID NUMBER(19,0) GENERATED BY DEFAULT AS IDENTITY (START WITH 100 INCREMENT BY 3) NOT NULL,
	HINHTHUCDAOTAO VARCHAR2(255 CHAR),
	KCOEFFICIENT NUMBER(5,2),
    ISACTIVE CHAR(1 CHAR) DEFAULT '0' NOT NULL,
    CREATEDAT DATE DEFAULT CURRENT_TIMESTAMP NOT NULL,
    CREATEDBY  VARCHAR2(255 CHAR) NOT NULL,
    UPDATEDAT DATE DEFAULT NULL,
    UPDATEBY VARCHAR2(255 CHAR) DEFAULT NULL,
	CONSTRAINT CONSTRAINT_KCOEFFICIENTTABLE PRIMARY KEY (ID)
);

INSERT INTO TDT_KCOEFFICIENTTABLE (ID,HINHTHUCDAOTAO,KCOEFFICIENT,ISACTIVE,CREATEDAT,CREATEDBY) VALUES
	 (1,'Hệ tiêu chuẩn',1.00,'1',CURRENT_TIMESTAMP,'sys_user'),
	 (2,'CLC tiếng Việt',1.10,'1',CURRENT_TIMESTAMP,'sys_user'),
	 (3,'CLC tiếng Anh',1.20,'1',CURRENT_TIMESTAMP,'sys_user'),
	 (4,'Hệ thạc sĩ',1.30,'1',CURRENT_TIMESTAMP,'sys_user'),
	 (5,'Hệ tiến sĩ',1.40,'1',CURRENT_TIMESTAMP,'sys_user');

CREATE TABLE TDT_SATISFACTIONSCORE (
	SCOREID NUMBER(19,0) GENERATED BY DEFAULT AS IDENTITY (START WITH 100 INCREMENT BY 3) NOT NULL,
	INSTRUCTORID NUMBER(19,0),
	COURSEID NUMBER(19,0),
	HOCKY NUMBER(19,0),
	DIEMHAILONG NUMBER(19,0),
    ISACTIVE CHAR(1 CHAR) DEFAULT '0' NOT NULL,
    CREATEDAT DATE DEFAULT CURRENT_TIMESTAMP NOT NULL,
    CREATEDBY  VARCHAR2(255 CHAR) NOT NULL,
    UPDATEDAT DATE DEFAULT NULL,
    UPDATEBY VARCHAR2(255 CHAR) DEFAULT NULL,
	CONSTRAINT CONSTRAINT_SATISFACTIONSCORE PRIMARY KEY (SCOREID),
	CONSTRAINT CONSTRAINT_FK_SATISFACTIONSCORE_INSTRUCTOR FOREIGN KEY (INSTRUCTORID) REFERENCES TDT_INSTRUCTOR(INSTRUCTORID) ON DELETE RESTRICT ON UPDATE RESTRICT,
	CONSTRAINT CONSTRAINT_FK_SATISFACTIONSCORE_COURSE FOREIGN KEY (COURSEID) REFERENCES TDT_COURSE(COURSEID) ON DELETE RESTRICT ON UPDATE RESTRICT
);

INSERT INTO TDT_SATISFACTIONSCORE (SCOREID,INSTRUCTORID,COURSEID,HOCKY,DIEMHAILONG,ISACTIVE,CREATEDAT,CREATEDBY) VALUES
	 (1,1,1,1,5,'1',CURRENT_TIMESTAMP,'sys_user'),
	 (2,2,2,1,4,'1',CURRENT_TIMESTAMP,'sys_user'),
	 (3,3,3,1,5,'1',CURRENT_TIMESTAMP,'sys_user'),
	 (4,4,4,1,4,'1',CURRENT_TIMESTAMP,'sys_user'),
	 (5,5,5,1,5,'1',CURRENT_TIMESTAMP,'sys_user');

CREATE TABLE TDT_TEACHINGASSIGNMENTCONSTRAINTS (
	CONSTRAINTID NUMBER(19,0) GENERATED BY DEFAULT AS IDENTITY (START WITH 100 INCREMENT BY 3) NOT NULL,
	INSTRUCTORID NUMBER(19,0),
	KHOILUONGDAGIANG NUMBER(19,0),
	SOTIETLYTHUYET NUMBER(19,0),
	BANGCAPDU NUMBER(19,0),
	DIEMHAILONGDU NUMBER(19,0),
	BANGCAPTIENGANH NUMBER(19,0),
	SOMONTOIDA NUMBER(19,0),
    ISACTIVE CHAR(1 CHAR) DEFAULT '0' NOT NULL,
    CREATEDAT DATE DEFAULT CURRENT_TIMESTAMP NOT NULL,
    CREATEDBY  VARCHAR2(255 CHAR) NOT NULL,
    UPDATEDAT DATE DEFAULT NULL,
    UPDATEBY VARCHAR2(255 CHAR) DEFAULT NULL,
	CONSTRAINT CONSTRAINT_TEACHINGASSIGNMENTCONSTRAINTS PRIMARY KEY (CONSTRAINTID),
	CONSTRAINT CONSTRAINT_FK_TEACHINGASSIGNMENTCONSTRAINTS_INSTRUCTOR FOREIGN KEY (INSTRUCTORID) REFERENCES TDT_INSTRUCTOR(INSTRUCTORID) ON DELETE RESTRICT ON UPDATE RESTRICT
);

INSERT INTO TDT_TEACHINGASSIGNMENTCONSTRAINTS (CONSTRAINTID,INSTRUCTORID,KHOILUONGDAGIANG,SOTIETLYTHUYET,BANGCAPDU,DIEMHAILONGDU,BANGCAPTIENGANH,SOMONTOIDA,ISACTIVE,CREATEDAT,CREATEDBY) VALUES
	 (1,1,300,200,1,5,1,5,'1',CURRENT_TIMESTAMP,'sys_user'),
	 (2,2,250,180,1,6,1,4,'1',CURRENT_TIMESTAMP,'sys_user'),
	 (3,3,280,220,1,6,1,4,'1',CURRENT_TIMESTAMP,'sys_user'),
	 (4,4,270,190,1,6,1,5,'1',CURRENT_TIMESTAMP,'sys_user'),
	 (5,5,320,210,1,6,1,4,'1',CURRENT_TIMESTAMP,'sys_user');

CREATE TABLE TDT_TEACHINGHISTORY (
	TEACHINGID NUMBER(19,0) GENERATED BY DEFAULT AS IDENTITY (START WITH 100 INCREMENT BY 3) NOT NULL,
	INSTRUCTORID NUMBER(19,0),
	NAMBATDAU NUMBER(19,0),
	NAMKETTHUC NUMBER(19,0),
	NOIDAY VARCHAR2(255 CHAR),
	MONHOC VARCHAR2(255 CHAR),
	SOTIET NUMBER(19,0),
    ISACTIVE CHAR(1 CHAR) DEFAULT '0' NOT NULL,
    CREATEDAT DATE DEFAULT CURRENT_TIMESTAMP NOT NULL,
    CREATEDBY  VARCHAR2(255 CHAR) NOT NULL,
    UPDATEDAT DATE DEFAULT NULL,
    UPDATEBY VARCHAR2(255 CHAR) DEFAULT NULL,
	CONSTRAINT CONSTRAINT_TEACHINGHISTORY PRIMARY KEY (TEACHINGID),
	CONSTRAINT CONSTRAINT_FK_TEACHINGHISTORY_INSTRUCTOR FOREIGN KEY (INSTRUCTORID) REFERENCES TDT_INSTRUCTOR(INSTRUCTORID) ON DELETE RESTRICT ON UPDATE RESTRICT
);

INSERT INTO TDT_TEACHINGHISTORY (TEACHINGID,INSTRUCTORID,NAMBATDAU,NAMKETTHUC,NOIDAY,MONHOC,SOTIET,ISACTIVE,CREATEDAT,CREATEDBY) VALUES
	 (1,1,2023,2024,'Khoa CNTT','Lập trình C++',80,'1',CURRENT_TIMESTAMP,'sys_user'),
	 (2,2,2023,2024,'Khoa CNTT','Mạng máy tính',90,'1',CURRENT_TIMESTAMP,'sys_user'),
	 (3,3,2023,2024,'Khoa Kế toán','Kế toán tài chính',75,'1',CURRENT_TIMESTAMP,'sys_user'),
	 (4,4,2023,2024,'Khoa Ngoại ngữ','Tiếng Anh 1',100,'1',CURRENT_TIMESTAMP,'sys_user'),
	 (5,5,2023,2024,'Khoa Ngoại ngữ','Tiếng Anh 2',95,'1',CURRENT_TIMESTAMP,'sys_user');

CREATE TABLE TDT_TEACHINGHISTORYLOG (
	LOGID NUMBER(19,0) GENERATED BY DEFAULT AS IDENTITY (START WITH 100 INCREMENT BY 3) NOT NULL,
	INSTRUCTORID NUMBER(19,0),
	MONHOC VARCHAR2(255 CHAR),
	BAOVANG NUMBER(19,0),
	BAOBU NUMBER(19,0),
	GIAMTHINHACNHO NUMBER(19,0),
	DITRE NUMBER(19,0),
	VESOM NUMBER(19,0),
	TACPHONG NUMBER(19,0),
	CHAMDIEMSAI NUMBER(19,0),
	NOPDIEMCHAM NUMBER(19,0),
	PHUCKHAO NUMBER(19,0),
	KETQUA VARCHAR2(20 CHAR),
    ISACTIVE CHAR(1 CHAR) DEFAULT '0' NOT NULL,
    CREATEDAT DATE DEFAULT CURRENT_TIMESTAMP NOT NULL,
    CREATEDBY  VARCHAR2(255 CHAR) NOT NULL,
    UPDATEDAT DATE DEFAULT NULL,
    UPDATEBY VARCHAR2(255 CHAR) DEFAULT NULL,
	CONSTRAINT CONSTRAINT_TEACHINGHISTORYLOG PRIMARY KEY (LOGID),
	CONSTRAINT CONSTRAINT_FK_TEACHINGHISTORYLOG_INSTRUCTOR FOREIGN KEY (INSTRUCTORID) REFERENCES TDT_INSTRUCTOR(INSTRUCTORID) ON DELETE RESTRICT ON UPDATE RESTRICT
);

INSERT INTO TDT_TEACHINGHISTORYLOG (LOGID,INSTRUCTORID,MONHOC,BAOVANG,BAOBU,GIAMTHINHACNHO,DITRE,VESOM,TACPHONG,CHAMDIEMSAI,NOPDIEMCHAM,PHUCKHAO,KETQUA,ISACTIVE,CREATEDAT,CREATEDBY) VALUES
	 (1,1,'Lập trình C++',0,1,0,1,0,0,2,0,1,'Rớt','1',CURRENT_TIMESTAMP,'sys_user'),
	 (2,2,'Mạng máy tính',1,0,0,0,0,1,1,0,0,'Đậu','1',CURRENT_TIMESTAMP,'sys_user'),
	 (3,3,'Kế toán tài chính',0,0,1,0,0,0,0,1,0,'Đậu','1',CURRENT_TIMESTAMP,'sys_user'),
	 (4,4,'Tiếng Anh 1',0,0,0,0,0,0,0,0,0,'Đậu','1',CURRENT_TIMESTAMP,'sys_user'),
	 (5,5,'Tiếng Anh 2',0,1,0,0,0,0,0,0,0,'Đậu','1',CURRENT_TIMESTAMP,'sys_user');



CREATE TABLE TDT_ROLECATEGORY(
	ID NUMBER(19,0) GENERATED BY DEFAULT AS IDENTITY  (START WITH 100 INCREMENT BY 3)  NOT NULL,
    CATEGORYNAMEVN VARCHAR2(50 CHAR) NULL,
    CATEGORYNAMEEN VARCHAR2(50 CHAR) NULL,
    ISACTIVE CHAR(1 CHAR) DEFAULT '0' NOT NULL,
    CREATEDAT DATE DEFAULT CURRENT_TIMESTAMP NOT NULL,
    CREATEDBY  VARCHAR2(255 CHAR) NOT NULL,
    UPDATEDAT DATE DEFAULT NULL,
    UPDATEBY VARCHAR2(255 CHAR) DEFAULT NULL,
	PRIMARY KEY(ID)
);

INSERT INTO TDT_ROLECATEGORY (ID,CATEGORYNAMEVN,CATEGORYNAMEEN,ISACTIVE,CREATEDAT,CREATEDBY,UPDATEDAT,UPDATEBY) VALUES
    (1,'Trang chủ','HomePage','1',CURRENT_TIMESTAMP,'sys_user',NULL,NULL),
    (2,'Nhân sự','HR','1',CURRENT_TIMESTAMP,'sys_user',NULL,NULL),
    (3,'Danh mục nhân sự','HR Category','1',CURRENT_TIMESTAMP,'sys_user',NULL,NULL),
    (4,'Lương','Salary','1',CURRENT_TIMESTAMP,'sys_user',NULL,NULL),
    (5,'Danh mục Lương','Salary Category','1',CURRENT_TIMESTAMP,'sys_user',NULL,NULL),
    (6,'Hợp đồng','Contract','1',CURRENT_TIMESTAMP,'sys_user',NULL,NULL),
    (7,'Danh mục hợp đồng','Contract Category','1',CURRENT_TIMESTAMP,'sys_user',NULL,NULL),
    (8,'Hệ thống','System','1',CURRENT_TIMESTAMP,'sys_user',NULL,NULL);

CREATE TABLE TDT_ROLE(
	ID NUMBER(19,0) GENERATED BY DEFAULT AS IDENTITY  (START WITH 100 INCREMENT BY 3)  NOT NULL,
    EMPLOYEEID NUMBER(19,0) NULL,
    CATEGORYROLE NUMBER(19,0) NULL,
    ROLEVIEW CHAR(1 CHAR) DEFAULT '0' NULL,
	ROLEUPDATE CHAR(1 CHAR) DEFAULT '0' NULL,
	ROLEDELETE CHAR(1 CHAR) DEFAULT '0' NULL,
	ISACTIVE CHAR(1 CHAR) DEFAULT '0' NOT NULL,
    CREATEDAT DATE DEFAULT CURRENT_TIMESTAMP NOT NULL,
    CREATEDBY  VARCHAR2(255 CHAR) NOT NULL,
    UPDATEDAT DATE DEFAULT NULL,
    UPDATEBY VARCHAR2(255 CHAR) DEFAULT NULL,
	PRIMARY KEY(ID)
);


ALTER TABLE TDT_ROLE
    ADD CONSTRAINT FK_ROLE_ROLECATEGORY FOREIGN KEY(CATEGORYROLE)
        REFERENCES TDT_ROLECATEGORY(ID)
;

ALTER TABLE TDT_ROLE
    ADD CONSTRAINT FK_ROLE_INSTRUCTOR FOREIGN KEY(EMPLOYEEID)
        REFERENCES TDT_INSTRUCTOR(INSTRUCTORID)
;

INSERT INTO TDT_ROLE (ID,EMPLOYEEID,CATEGORYROLE,ROLEVIEW,ROLEUPDATE,ROLEDELETE,ISACTIVE,CREATEDAT,CREATEDBY,UPDATEDAT,UPDATEBY) VALUES
    (1,1,1,'1','1','1','1',CURRENT_TIMESTAMP,'sys_user',NULL,NULL),
    (2,2,1,'1','1','1','1',CURRENT_TIMESTAMP,'sys_user',NULL,NULL),
    (3,1,6,'1','1','1','0',CURRENT_TIMESTAMP,'sys_user',NULL,NULL),
    (4,1,7,'1','1','1','1',CURRENT_TIMESTAMP,'sys_user',NULL,NULL),
    (5,1,5,'1','1','1','1',CURRENT_TIMESTAMP,'sys_user',NULL,NULL),
    (6,1,3,'1','1','1','1',CURRENT_TIMESTAMP,'sys_user',NULL,NULL),
    (7,1,8,'1','1','1','1',CURRENT_TIMESTAMP,'sys_user',NULL,NULL),
    (8,1,4,'1','1','1','1',CURRENT_TIMESTAMP,'sys_user',NULL,NULL),
    (9,1,2,'1','1','1','1',CURRENT_TIMESTAMP,'sys_user',NULL,NULL),
    (10,2,2,'1','1','1','1',CURRENT_TIMESTAMP,'sys_user',NULL,NULL),
    (11,2,3,'1','0','0','1',CURRENT_TIMESTAMP,'sys_user',NULL,NULL),
    (12,2,4,'1','0','0','1',CURRENT_TIMESTAMP,'sys_user',NULL,NULL),
    (13,2,5,'1','0','0','1',CURRENT_TIMESTAMP,'sys_user',NULL,NULL),
    (14,2,6,'1','0','0','1',CURRENT_TIMESTAMP,'sys_user',NULL,NULL),
    (15,2,7,'1','0','0','1',CURRENT_TIMESTAMP,'sys_user',NULL,NULL),
    (16,2,8,'1','0','0','1',CURRENT_TIMESTAMP,'sys_user',NULL,NULL);


CREATE TABLE TDT_USERPROFILE(
	USERID NUMBER(19,0) GENERATED BY DEFAULT AS IDENTITY  (START WITH 100 INCREMENT BY 3)  NOT NULL,
    USERNAME VARCHAR2(100 CHAR) NULL,
    EMPLOYEEID NUMBER(19,0) NULL,
    PASSWORD VARCHAR2(255 CHAR) NULL,
    ROLELIST VARCHAR2(50 CHAR) NULL,
    ISMANAGEMENT CHAR(1 CHAR) DEFAULT '0' NULL,
	ACCOUNTSTATUS NUMBER(19,0) DEFAULT 0 NULL,
	IPLASTLOGIN VARCHAR2(50 CHAR) NULL,
	DATELASTLOGIN DATE NULL,
	TIMENEXTLOGIN DATE NULL,
	COUNTLOGINFAILED NUMBER(19,0) NULL,
	ISACTIVE CHAR(1 CHAR) DEFAULT '0' NOT NULL,
    CREATEDAT DATE DEFAULT CURRENT_TIMESTAMP NOT NULL,
    CREATEDBY  VARCHAR2(255 CHAR) NOT NULL,
    UPDATEDAT DATE DEFAULT NULL,
    UPDATEBY VARCHAR2(255 CHAR) DEFAULT NULL,
	PRIMARY KEY(UserId)
);

ALTER TABLE TDT_USERPROFILE
    ADD CONSTRAINT FK_USERPROFILE_INSTRUCTOR FOREIGN KEY(EMPLOYEEID)
        REFERENCES TDT_INSTRUCTOR(INSTRUCTORID)
;

INSERT INTO TDT_USERPROFILE (USERID,USERNAME,EMPLOYEEID,PASSWORD,ISACTIVE,ROLELIST,ISMANAGEMENT,ACCOUNTSTATUS,IPLASTLOGIN,DATELASTLOGIN,TIMENEXTLOGIN,COUNTLOGINFAILED,CREATEDAT,CREATEDBY,UPDATEDAT,UPDATEBY) VALUES
    (1,'admin',1,'$2a$10$xnUvVK8sV07imyzKTBnaWuNmiy7T1Dxhd6kWilR4GkMFQ0UcqHhxy','1',NULL,'1',0,'192.168.1.160','2023-10-12 23:20:59.000',NULL,1,CURRENT_TIMESTAMP,'sys_user',NULL,NULL),
    (2,'minht',3,'$2a$10$xnUvVK8sV07imyzKTBnaWuNmiy7T1Dxhd6kWilR4GkMFQ0UcqHhxy','1',NULL,'0',0,NULL,NULL,NULL,1,CURRENT_TIMESTAMP,'sys_user',NULL,NULL),
    (3,'tultc',2,'$2a$10$xnUvVK8sV07imyzKTBnaWuNmiy7T1Dxhd6kWilR4GkMFQ0UcqHhxy','1',NULL,'0',0,NULL,NULL,NULL,NULL,CURRENT_TIMESTAMP,'sys_user',NULL,NULL),
    (4,'duyht',4,'$2a$10$xnUvVK8sV07imyzKTBnaWuNmiy7T1Dxhd6kWilR4GkMFQ0UcqHhxy','1',NULL,'0',0,NULL,NULL,NULL,NULL,CURRENT_TIMESTAMP,'sys_user',NULL,NULL),
    (5,'toanhp',8,'$2a$10$xnUvVK8sV07imyzKTBnaWuNmiy7T1Dxhd6kWilR4GkMFQ0UcqHhxy','1',NULL,'0',0,'192.168.1.5','2023-08-26 11:18:34.000',NULL,NULL,CURRENT_TIMESTAMP,'sys_user',NULL,NULL),
    (6,'admin1',1,'$2a$10$xnUvVK8sV07imyzKTBnaWuNmiy7T1Dxhd6kWilR4GkMFQ0UcqHhxy','0',NULL,'0',0,'192.168.1.5','2023-08-26 11:26:09.000',NULL,NULL,CURRENT_TIMESTAMP,'sys_user',NULL,NULL);