DROP TABLE IF EXISTS TDT_Role;
DROP TABLE IF EXISTS TDT_RoleCategory;
DROP TABLE IF EXISTS TDT_RelationshipType;
DROP TABLE IF EXISTS TDT_Relationship;
DROP TABLE IF EXISTS TDT_UserProfile;
DROP TABLE IF EXISTS TDT_Employee;
DROP TABLE IF EXISTS TDT_Company;
DROP TABLE IF EXISTS TDT_Position;
DROP TABLE IF EXISTS TDT_Department;
DROP TABLE IF EXISTS TDT_MaritalStatus;
DROP TABLE IF EXISTS TDT_ForeignLanguage;
DROP TABLE IF EXISTS TDT_Degree;
DROP TABLE IF EXISTS TDT_Religion;
DROP TABLE IF EXISTS TDT_Religion;
DROP TABLE IF EXISTS TDT_Nation;
DROP TABLE IF EXISTS TDT_Nationality;
DROP TABLE IF EXISTS TDT_StatusWork;


CREATE TABLE TDT_Company(
    ID NUMBER(19,0) GENERATED BY DEFAULT AS IDENTITY (START WITH 100 INCREMENT BY 3) NOT NULL,
    NameCompanyVN VARCHAR2(50 CHAR) NULL,
    NameCompanyEN VARCHAR2(50 CHAR) NULL,
    Address VARCHAR2(500 CHAR) NULL,
    Phone VARCHAR2(20 CHAR) NULL,
    Tax VARCHAR2(10 CHAR) NULL,
    Deputy VARCHAR2(50 CHAR) NULL,
    Title VARCHAR2(50 CHAR) NULL,
    isActive CHAR(1 CHAR) DEFAULT '0' NULL,
    DateCreated DATE DEFAULT CURRENT_TIMESTAMP NULL,
    UserCreated  VARCHAR2(100 CHAR) NULL,
    DateUpdated DATE NULL,
    UserUpdated VARCHAR2(100 CHAR) NULL,
    PRIMARY KEY(ID)
);

INSERT INTO TDT_COMPANY (ID,NAMECOMPANYVN,NAMECOMPANYEN,ADDRESS,PHONE,TAX,DEPUTY,TITLE,ISACTIVE,DATECREATED,USERCREATED,DATEUPDATED,USERUPDATED) VALUES
    (1,'Tin học Tiền Giang','Computer Tien Giang','Đặng Văn Bi - Thủ Đức - Thành phố Hồ Chí Minh','0999334456','1234567890','Nguyễn Hùng Hiếu','Giám Đốc','1',CURRENT_TIMESTAMP,'sys_user',NULL,NULL),
    (2,'Công ty TNHH Sabaco','Sabaco Company','Đường Hùng Vương , Tân An , Long An','0966334455','099999999 ','Nguyễn Bảo Quốc','Giám đốc','1',CURRENT_TIMESTAMP,'sys_user',NULL,NULL);

CREATE TABLE TDT_Position(
    ID NUMBER(19,0) GENERATED BY DEFAULT AS IDENTITY (START WITH 100 INCREMENT BY 3) NOT NULL,
    PositionNameVN VARCHAR2(50 CHAR) NULL,
    PositionNameEN VARCHAR2(50 CHAR) NULL,
    isActive CHAR(1 CHAR) DEFAULT '0' NULL,
    DateCreated DATE DEFAULT CURRENT_TIMESTAMP NULL,
    UserCreated VARCHAR2(100 CHAR) NULL,
    DateUpdated DATE NULL,
    UserUpdated VARCHAR2(100 CHAR) NULL,
    PRIMARY KEY(ID)
);

INSERT INTO TDT_POSITION (ID,POSITIONNAMEVN,POSITIONNAMEEN,ISACTIVE,DATECREATED,USERCREATED,DATEUPDATED,USERUPDATED) VALUES
    (1,'Tổng Giám Đốc','General manager','1', CURRENT_TIMESTAMP,'sys_user',NULL,NULL),
    (2,'Phó Tổng Giám Đốc','Deputy General Manager','1', CURRENT_TIMESTAMP,'sys_user',NULL,NULL),
    (3,'Giám đốc',NULL,'1', CURRENT_TIMESTAMP,'sys_user',NULL,NULL),
    (4,'Giám Đốc Chất Lượng',NULL,'1', CURRENT_TIMESTAMP,'sys_user',NULL,NULL),
    (5,'Trưởng phòng','Manager','1', CURRENT_TIMESTAMP,'sys_user',NULL,NULL),
    (6,'Phó phòng',NULL,'1', CURRENT_TIMESTAMP,'sys_user',NULL,NULL),
    (7,'Trưởng Ban Kiểm Soát',NULL,'1', CURRENT_TIMESTAMP,'sys_user',NULL,NULL),
    (8,'Quản lý',NULL,'1', CURRENT_TIMESTAMP,'sys_user',NULL,NULL),
    (9,'Ca trưởng bảo vệ',NULL,'1', CURRENT_TIMESTAMP,'sys_user',NULL,NULL),
    (10,'Ca phó bảo vệ',NULL,'1', CURRENT_TIMESTAMP,'sys_user',NULL,NULL),
    (11,'Nhân viên',NULL,'1', CURRENT_TIMESTAMP,'sys_user',NULL,NULL),
    (12,'Chuyền trưởng',NULL,'1', CURRENT_TIMESTAMP,'sys_user',NULL,NULL),
    (13,'Chuyền phó',NULL,'1', CURRENT_TIMESTAMP,'sys_user',NULL,NULL),
    (14,'Tổ trưởng',NULL,'1', CURRENT_TIMESTAMP,'sys_user',NULL,NULL),
    (15,'Tổ phó',NULL,'1', CURRENT_TIMESTAMP,'sys_user',NULL,NULL),
    (16,'Trợ lý Ban TGĐ',NULL,'1', CURRENT_TIMESTAMP,'sys_user',NULL,NULL),
    (17,'Công nhân',NULL,'1', CURRENT_TIMESTAMP,'sys_user',NULL,NULL),
    (18,'Phó giám đốc',NULL,'1', CURRENT_TIMESTAMP,'sys_user',NULL,NULL);

CREATE TABLE TDT_Department(
    ID NUMBER(19,0) GENERATED BY DEFAULT AS IDENTITY (START WITH 100 INCREMENT BY 3) NOT NULL,
    NameDepartmentVN VARCHAR2(50 CHAR) NULL,
    NameDepartmentEN VARCHAR2(50 CHAR) NULL,
    isActive CHAR(1 CHAR) DEFAULT '0' NULL,
    DateCreated DATE DEFAULT CURRENT_TIMESTAMP NULL,
    UserCreated VARCHAR2(100 CHAR) NULL,
    DateUpdated DATE NULL,
    UserUpdated VARCHAR2(100 CHAR) NULL,
    PRIMARY KEY(ID)
);

INSERT INTO TDT_DEPARTMENT (ID,NAMEDEPARTMENTVN,NAMEDEPARTMENTEN,ISACTIVE,DATECREATED,USERCREATED,DATEUPDATED,USERUPDATED) VALUES
    (1,'Công nghệ thông tin','IT','1',CURRENT_TIMESTAMP,'sys_user',NULL,NULL),
    (2,'Phòng CS','CS-CR','1',CURRENT_TIMESTAMP,'sys_user',NULL,NULL),
    (3,'Phòng Nhân Sự','HR-CB','1',CURRENT_TIMESTAMP,'sys_user',NULL,NULL),
    (4,'Phòng Mẫu','Sample','1',CURRENT_TIMESTAMP,'sys_user',NULL,NULL),
    (5,'Kho','Warehouse','1',CURRENT_TIMESTAMP,'sys_user',NULL,NULL),
    (6,'Truyền thông','Marketing','1',CURRENT_TIMESTAMP,'sys_user',NULL,NULL),
    (7,'Kế toá','Accounting','1',CURRENT_TIMESTAMP,'sys_user',NULL,NULL),
    (8,'Vận hành Sản xuất','Production Control','1',CURRENT_TIMESTAMP,'sys_user',NULL,NULL);

CREATE TABLE TDT_MaritalStatus(
    ID NUMBER(19,0) GENERATED BY DEFAULT AS IDENTITY (START WITH 100 INCREMENT BY 3) NOT NULL,
    MaritalStatusVN VARCHAR2(50 CHAR) NULL,
    MaritalStatusEN VARCHAR2(50 CHAR) NULL,
    Note VARCHAR2(50 CHAR) NULL,
    isActive CHAR(1 CHAR) DEFAULT '0' NULL,
    DateCreated DATE DEFAULT CURRENT_TIMESTAMP NULL,
    UserCreated VARCHAR2(100 CHAR) NULL,
    DateUpdated  DATE NULL,
    UserUpdated VARCHAR2(100 CHAR) NULL,
    PRIMARY KEY(ID)
);

INSERT INTO TDT_MARITALSTATUS (ID,MARITALSTATUSVN,MARITALSTATUSEN,NOTE,ISACTIVE,DATECREATED,USERCREATED,DATEUPDATED,USERUPDATED) VALUES
    (1,'Độc thân',NULL,NULL,'1',CURRENT_TIMESTAMP,'sys_user',NULL,NULL),
    (2,'Đã kết hôn',NULL,NULL,'1',CURRENT_TIMESTAMP,'sys_user',NULL,NULL),
    (3,'Góa',NULL,NULL,'1',CURRENT_TIMESTAMP,'sys_user',NULL,NULL),
    (4,'Ly Thân',NULL,NULL,'1',CURRENT_TIMESTAMP,'sys_user',NULL,NULL),
    (5,'Ly Hôn',NULL,NULL,'1',CURRENT_TIMESTAMP,'sys_user',NULL,NULL);

CREATE TABLE TDT_ForeignLanguage(
    ID NUMBER(19,0) GENERATED BY DEFAULT AS IDENTITY (START WITH 100 INCREMENT BY 3) NOT NULL,
    ForeignLanguageVN VARCHAR2(50 CHAR) NULL,
    ForeignLanguageEN VARCHAR2(50 CHAR) NULL,
    isActive CHAR(1 CHAR) DEFAULT '0' NULL,
    DateCreated DATE DEFAULT CURRENT_TIMESTAMP NULL,
    UserCreated VARCHAR2(100 CHAR) NULL,
    DateUpdated DATE NULL,
    UserUpdated VARCHAR2(100 CHAR) NULL,
    PRIMARY KEY(ID)
);

INSERT INTO TDT_FOREIGNLANGUAGE (ID,FOREIGNLANGUAGEVN,FOREIGNLANGUAGEEN,ISACTIVE,DATECREATED,USERCREATED,DATEUPDATED,USERUPDATED) VALUES
    (1,'Anh','English','1',CURRENT_TIMESTAMP,'sys_user',NULL,NULL),
    (2,'Nhật','Japanese','1',CURRENT_TIMESTAMP,'sys_user',NULL,NULL),
    (3,'Pháp','France','1',CURRENT_TIMESTAMP,'sys_user',NULL,NULL),
    (4,'Trung','Chinese','1',CURRENT_TIMESTAMP,'sys_user',NULL,NULL);

CREATE TABLE TDT_Degree(
    ID NUMBER(19,0) GENERATED BY DEFAULT AS IDENTITY (START WITH 100 INCREMENT BY 3) NOT NULL,
    DegreeVN VARCHAR2(50 CHAR) NULL,
    DegreeEN VARCHAR2(50 CHAR) NULL,
    Note VARCHAR2(500 CHAR) NULL,
    isActive CHAR(1 CHAR) DEFAULT '0' NULL,
    DateCreated DATE DEFAULT CURRENT_TIMESTAMP NULL,
    UserCreated  VARCHAR2(100 CHAR) NULL,
    DateUpdated DATE NULL,
    UserUpdated VARCHAR2(100 CHAR) NULL,
    PRIMARY KEY(ID)
);

INSERT INTO TDT_DEGREE (ID,DEGREEVN,DEGREEEN,NOTE,ISACTIVE,DATECREATED,USERCREATED,DATEUPDATED,USERUPDATED) VALUES
    (1,'THCS','THCS','Bằng cấp 2','1',CURRENT_TIMESTAMP,'sys_user',NULL,NULL),
    (2,'THPT','THPT','Bằng Cấp 3','1',CURRENT_TIMESTAMP,'sys_user',NULL,NULL),
    (3,'Cao đẳng','Cao đẳng','Cao đẳng','1',CURRENT_TIMESTAMP,'sys_user',NULL,NULL),
    (4,'Đại học','Đại học','Đại Học','1',CURRENT_TIMESTAMP,'sys_user',NULL,NULL),
    (5,'Thạc Sĩ','Thạc Sĩ','Thạc Sĩ','1',CURRENT_TIMESTAMP,'sys_user',NULL,NULL),
    (6,'Tiến Sĩ','Tiến Sĩ','Tiến Sĩ','1',CURRENT_TIMESTAMP,'sys_user',NULL,NULL),
    (7,'Tin Học A','Tin Học A','Tin Học A','1',CURRENT_TIMESTAMP,'sys_user',NULL,NULL),
    (8,'Tin Học B','Tin Học B','Tin Học B','1',CURRENT_TIMESTAMP,'sys_user',NULL,NULL),
    (9,'Chứng chỉ','Chứng chỉ','Chứng chỉ','1',CURRENT_TIMESTAMP,'sys_user',NULL,NULL),
    (10,'Phó giáo sư','Professor','Professor ','1',CURRENT_TIMESTAMP,'sys_user',NULL,NULL);

CREATE TABLE TDT_Religion(
    ID NUMBER(19,0) GENERATED BY DEFAULT AS IDENTITY (START WITH 100 INCREMENT BY 3) NOT NULL,
    NameReligionVN VARCHAR2(50 CHAR) NULL,
    NameReligionEN VARCHAR2(50 CHAR) NULL,
    isActive CHAR(1 CHAR) DEFAULT '0' NULL,
    DateCreated DATE DEFAULT CURRENT_TIMESTAMP NULL,
    UserCreated VARCHAR2(100 CHAR) NULL,
    DateUpdated DATE NULL,
    UserUpdated VARCHAR2(100 CHAR) NULL,
    PRIMARY KEY(ID)
);

INSERT INTO TDT_RELIGION (ID,NAMERELIGIONVN,NAMERELIGIONEN,ISACTIVE,DATECREATED,USERCREATED,DATEUPDATED,USERUPDATED) VALUES
    (1,'Phật','Phật','1',CURRENT_TIMESTAMP,'sys_user',NULL,NULL),
    (2,'Thiên chúa giáo','Thiên chúa giáo','1',CURRENT_TIMESTAMP,'sys_user',NULL,NULL),
    (3,'Tin Lành','Tin Lành','1',CURRENT_TIMESTAMP,'sys_user',NULL,NULL);

CREATE TABLE TDT_Nation(
    ID NUMBER(19,0) GENERATED BY DEFAULT AS IDENTITY (START WITH 100 INCREMENT BY 3) NOT NULL,
    NameNationVN VARCHAR2(50 CHAR) NULL,
    NameNationEN VARCHAR2(50 CHAR) NULL,
    isActive CHAR(1 CHAR) DEFAULT '0' NULL,
    DateCreated DATE DEFAULT CURRENT_TIMESTAMP NULL,
    UserCreated VARCHAR2(100 CHAR) NULL,
    DateUpdated DATE NULL,
    UserUpdated VARCHAR2(100 CHAR) NULL,
    PRIMARY KEY(ID)
);

INSERT INTO TDT_NATION (ID,NAMENATIONVN,NAMENATIONEN,ISACTIVE,DATECREATED,USERCREATED,DATEUPDATED,USERUPDATED) VALUES
    (1,'Kinh','Kinh','0',CURRENT_TIMESTAMP,'sys_user',NULL,NULL),
    (2,'Nùng',NULL,'1',CURRENT_TIMESTAMP,'sys_user',NULL,NULL),
    (3,'Tày',NULL,'1',CURRENT_TIMESTAMP,'sys_user',NULL,NULL),
    (4,'Thổ',NULL,'1',CURRENT_TIMESTAMP,'sys_user',NULL,NULL),
    (5,'Khmer',NULL,'1',CURRENT_TIMESTAMP,'sys_user',NULL,NULL),
    (6,'Hán',NULL,'1',CURRENT_TIMESTAMP,'sys_user',NULL,NULL),
    (7,'Châu Mạ',NULL,'1',CURRENT_TIMESTAMP,'sys_user',NULL,NULL),
    (8,'Chăm',NULL,'1',CURRENT_TIMESTAMP,'sys_user',NULL,NULL),
    (9,'Mường',NULL,'1',CURRENT_TIMESTAMP,'sys_user',NULL,NULL),
    (10,'Châu Ro',NULL,'1',CURRENT_TIMESTAMP,'sys_user',NULL,NULL),
    (11,'Dao',NULL,'1',CURRENT_TIMESTAMP,'sys_user',NULL,NULL),
    (12,'Cao Lan',NULL,'1',CURRENT_TIMESTAMP,'sys_user',NULL,NULL),
    (13,'Ê đê',NULL,'1',CURRENT_TIMESTAMP,'sys_user',NULL,NULL),
    (14,'K"Ho',NULL,'1',CURRENT_TIMESTAMP,'sys_user',NULL,NULL),
    (15,'Thái',NULL,'1',CURRENT_TIMESTAMP,'sys_user',NULL,NULL),
    (16,'Khơ me','Khơ me','1',CURRENT_TIMESTAMP,'sys_user',NULL,NULL);

CREATE TABLE TDT_Nationality(
    ID NUMBER(19,0) GENERATED BY DEFAULT AS IDENTITY (START WITH 100 INCREMENT BY 3) NOT NULL,
    NameNationalityVN VARCHAR2(50 CHAR) NULL,
    NameNationalityEN VARCHAR2(50 CHAR) NULL,
    isActive CHAR(1 CHAR) DEFAULT '0' NULL,
    DateCreated DATE DEFAULT CURRENT_TIMESTAMP NULL,
    UserCreated VARCHAR2(100 CHAR) NULL,
    DateUpdated DATE NULL,
    UserUpdated VARCHAR2(100 CHAR) NULL,
    PRIMARY KEY(ID)
);

INSERT INTO TDT_NATIONALITY (ID,NAMENATIONALITYVN,NAMENATIONALITYEN,ISACTIVE,DATECREATED,USERCREATED,DATEUPDATED,USERUPDATED) VALUES
    (1,'Việt Nam','Viet Nam','1',CURRENT_TIMESTAMP,'sys_user',NULL,NULL),
    (2,'Lào','Lao','1',CURRENT_TIMESTAMP,'sys_user',NULL,NULL),
    (3,'Thái Lan','Thái Lan','1',CURRENT_TIMESTAMP,'sys_user',NULL,NULL),
    (4,'Anh','England','1',CURRENT_TIMESTAMP,'sys_user',NULL,NULL),
    (5,'Pháp','France','1',CURRENT_TIMESTAMP,'sys_user',NULL,NULL),
    (6,'Mỹ','American','1',CURRENT_TIMESTAMP,'sys_user',NULL,NULL);

CREATE TABLE TDT_StatusWork(
	ID NUMBER(19,0) GENERATED BY DEFAULT AS IDENTITY (START WITH 100 INCREMENT BY 3) NOT NULL,
	StatusWorkVN VARCHAR2(50 CHAR) NULL,
	StatusWorkEN VARCHAR2(50 CHAR) NULL,
	isActive CHAR(1 CHAR) DEFAULT '0' NULL,
	DateCreated DATE DEFAULT CURRENT_TIMESTAMP NULL,
	UserCreated VARCHAR2(100 CHAR) NULL,
	DateUpdated DATE NULL,
	UserUpdated VARCHAR2(100 CHAR) NULL,
	PRIMARY KEY(ID)
);

INSERT INTO TDT_STATUSWORK (ID,STATUSWORKVN,STATUSWORKEN,ISACTIVE,DATECREATED,USERCREATED,DATEUPDATED,USERUPDATED) VALUES
    (1,'Đang làm việc',NULL,'1',CURRENT_TIMESTAMP,'sys_user',NULL,NULL),
    (2,'Nghỉ việc',NULL,'1',CURRENT_TIMESTAMP,'sys_user',NULL,NULL),
    (3,'Nghỉ thai sản',NULL,'1',CURRENT_TIMESTAMP,'sys_user',NULL,NULL);

CREATE TABLE TDT_Employee(
    ID NUMBER(19,0) GENERATED BY DEFAULT AS IDENTITY (START WITH 100 INCREMENT BY 3) NOT NULL,
    EmployeeCode VARCHAR2(10 CHAR) NOT NULL,
    FirstName VARCHAR2(50 CHAR) NULL,
    FullName VARCHAR2(100 CHAR) NOT NULL,
    CommonName VARCHAR2(50 CHAR) NULL,
    Gender CHAR(1 CHAR) DEFAULT '1' NOT NULL,
    Images VARCHAR2(255 CHAR) NULL,
    Birthday DATE NULL,
    PlaceOfBirth VARCHAR2(50 CHAR) NULL,
    Married CHAR(1 CHAR) DEFAULT '0' NULL,
    Address VARCHAR2(100 CHAR) NULL,
    AddressTmp VARCHAR2(100 CHAR) NULL,
    Phone VARCHAR2(20 CHAR) NULL,
    Email VARCHAR2(50 CHAR) NULL,
    CCCD VARCHAR2(50 CHAR) NULL,
    DateCCCD DATE NULL,
    IssuedBy VARCHAR2(50 CHAR) NULL,
    DateStartWord DATE NULL,
    Health VARCHAR2(50 CHAR) NULL,
    Height NUMBER(19,0) NULL,
    Weight NUMBER(19,0) NULL,
    StatusWork NUMBER(19,0) DEFAULT 1 NULL,
    NationalityID NUMBER(19,0) DEFAULT 1 NULL,
    NationID NUMBER(19,0) DEFAULT 1 NULL,
    ReligionID NUMBER(19,0) DEFAULT 1 NULL,
    DegreeID NUMBER(19,0) DEFAULT 1 NULL,
    ForeignID VARCHAR2(50 CHAR) DEFAULT '1' NULL,
    BHXH CHAR(1 CHAR) DEFAULT '1' NULL,
    BHYT CHAR(1 CHAR) DEFAULT '1' NULL,
    BHTN CHAR(1 CHAR) DEFAULT '1' NULL,
    UnionDues CHAR(1 CHAR) DEFAULT '0' NULL,
    Note NVARCHAR(MAX) NULL,
    MaritalID NUMBER(19,0) DEFAULT 1 NULL,
    Authority CHAR(1 CHAR) DEFAULT '1' NULL,
    Comment VARCHAR2(500 CHAR) NULL,
    DepartmentID NUMBER(19,0) NULL,
    PositionID NUMBER(19,0) NULL,
    CompanyID NUMBER(19,0) NULL,
    NoBHXH VARCHAR2(50 CHAR) NULL,
    DateBHXH DATE NULL,
    IssueByBHXH VARCHAR2(50 CHAR) NULL,
    NoBHYT VARCHAR2(50 CHAR) NULL,
    fromDateBHYT DATE NULL,
    toDateBHYT DATE NULL,
    ProvinceBHYT VARCHAR2(50 CHAR) NULL,
    HopitalBHYT VARCHAR2(50 CHAR) NULL,
    isActive CHAR(1 CHAR) DEFAULT '0' NULL,
    LeaderID NUMBER(19,0) NULL,
    ManagerID NUMBER(19,0) NULL,
    Salary NUMBER(19,0) DEFAULT 0 NULL,
    CreatedByUser VARCHAR2(100 CHAR) NULL,
    CreatedByDate DATE DEFAULT CURRENT_TIMESTAMP NULL,
    DateUpdated DATE NULL,
    UserLastUpdated VARCHAR2(100 CHAR) NULL,
    PRIMARY KEY(ID)
);

ALTER TABLE TDT_Employee
    ADD CONSTRAINT FK_TDT_Employee_TDT_Company FOREIGN KEY(CompanyID)
        REFERENCES TDT_Company(ID)
;

ALTER TABLE TDT_Employee
    ADD CONSTRAINT FK_TDT_Employee_TDT_Position FOREIGN KEY(PositionID)
        REFERENCES TDT_Position(ID)
;

ALTER TABLE TDT_Employee
    ADD CONSTRAINT FK_TDT_Employee_TDT_Department FOREIGN KEY(DepartmentID)
        REFERENCES TDT_Department(ID)
;


ALTER TABLE TDT_Employee
    ADD CONSTRAINT FK_TDT_Employee_TDT_MaritalStatus FOREIGN KEY(MaritalID)
        REFERENCES TDT_MaritalStatus(ID)
;

ALTER TABLE TDT_Employee
    ADD CONSTRAINT FK_TDT_Employee_TDT_Degree FOREIGN KEY(DegreeID)
        REFERENCES TDT_Degree(ID)
;


ALTER TABLE TDT_Employee
    ADD CONSTRAINT FK_TDT_Employee_TDT_Religion FOREIGN KEY(ReligionID)
        REFERENCES TDT_Religion(ID)
;


ALTER TABLE TDT_Employee
    ADD CONSTRAINT FK_TDT_Employee_TDT_Nation FOREIGN KEY(NationID)
        REFERENCES TDT_Nation(ID)
;

ALTER TABLE TDT_Employee
    ADD CONSTRAINT FK_TDT_Employee_TDT_Nationality FOREIGN KEY(NationalityID)
        REFERENCES TDT_Nationality(ID)
;


ALTER TABLE TDT_Employee
    ADD CONSTRAINT FK_TDT_Employee_TDT_StatusWork FOREIGN KEY(StatusWork)
        REFERENCES TDT_StatusWork(ID)
;

INSERT INTO TDT_Employee (ID,EMPLOYEECODE,FIRSTNAME,FULLNAME,COMMONNAME,GENDER,IMAGES,BIRTHDAY,PLACEOFBIRTH,MARRIED,ADDRESS,ADDRESSTMP,PHONE,EMAIL,CCCD,DATECCCD,ISSUEDBY,DATESTARTWORD,HEALTH,HEIGHT,WEIGHT,STATUSWORK,NATIONALITYID,NATIONID,RELIGIONID,DEGREEID,FOREIGNID,BHXH,BHYT,BHTN,UNIONDUES,NOTE,MARITALID,AUTHORITY,COMMENT,DEPARTMENTID,POSITIONID,COMPANYID,NOBHXH,DATEBHXH,ISSUEBYBHXH,NOBHYT,FROMDATEBHYT,TODATEBHYT,PROVINCEBHYT,HOPITALBHYT,ISACTIVE,LEADERID,MANAGERID,SALARY,CREATEDBYUSER,CREATEDBYDATE,DATEUPDATED,USERLASTUPDATED) VALUES
    (1,'NV00000001','Hà Phú','Toàn','Tony IT','1','z4536063537611_b71410afc9987745ea24b1a9ff83f4e8.jpg','1991-08-19 00:00:00.000','An Long, Tam Nông,Đồng Tháp','0','Đường Tống Văn Lê , Ấp Tân Phú 2 , xã Tân Lý Đông','Nguyễn văn Tăng, Quận 9 , TPHCM','0955667788','haphutoan@gmail.com','34334428983','2008-05-27 00:00:00.000','Đồng Tháp','2023-07-03 00:00:00.000','Ổn định',163,58,1,1,2,1,3,'1,4','1','1','1','1','Làm việc tại công ty Bentley Designs',2,'1',NULL,1,5,1,'909999999','2009-02-01 00:00:00.000','Thủ Đức','1234567','2023-07-25 00:00:00.000','2023-07-26 00:00:00.000','Tiền giang','BV Đa khoa tỉnh Tiền Giang','1',1,1,8000000,'sys_user',CURRENT_TIMESTAMP,NULL,NULL),
    (2,'NV00000002','Lê Thị Cẩm','Tú','Lovely','0','IWVN.ico','1991-08-14 00:00:00.000','Tiền Giang','0','Cai lậy - Tiền Giang','Tân Uyên, Bình Dương','0366828282','tu@gmail.com.vn','123456789','2010-05-12 00:00:00.000','Đồng Nai','2012-05-02 00:00:00.000','To khỏe',168,65,1,1,3,1,6,'1','1','1','1','1','Ở nhà chăm con',1,'1',NULL,2,11,1,'0909999999','2010-07-31 00:00:00.000','Tiền Giang','01234567','2023-07-31 00:00:00.000','2023-07-31 00:00:00.000','Châu Thành','BV Đa khoa tỉnh Tiền Giang','1',1,1,8000000,'sys_user',CURRENT_TIMESTAMP,NULL,NULL),
    (3,'NV00000003','Nguyễn Thị Kim','Thanh','Lisa','0',NULL,'1991-06-22 00:00:00.000','Đồng Nai','0','Đồng Nai','Long Bình - Đồng Nai','0123123123','thanh@gmail.com','123456789','2012-04-11 00:00:00.000','Đồng Nai','2012-05-02 00:00:00.000','Gầy quá đi',158,43,1,1,2,2,6,'2,3','1','1','1','1','Đi xe đưa rước',2,'1',NULL,3,5,2,NULL,NULL,NULL,NULL,NULL,NULL,NULL,NULL,'1',1,1,8500000,'sys_user',CURRENT_TIMESTAMP,NULL,NULL),
    (4,'NV00000004','Nguyễn Thị Thu','Kim','Mansy','0',NULL,'1991-04-18 00:00:00.000','Đồng Nai','0','Biên Hòa - Đồng Nai','Tân Uyên, Bình Dương','321634645','canhhongruclua@yahoo.com','132135465','2012-05-01 00:00:00.000','Đồng Nai','2012-05-05 00:00:00.000','Gấy quá đi ah',156,42,1,1,4,2,6,'1,4','1','1','1','0','Nhân viên gương mẫu',2,'1',NULL,4,5,1,NULL,NULL,NULL,NULL,NULL,NULL,NULL,NULL,'1',1,1,4500000,'sys_user',CURRENT_TIMESTAMP,NULL,NULL),
    (5,'NV00000005','Vũ Quốc','Hòa','Kay','0','IWVN.ico','1991-10-09 00:00:00.000','Hải Dương','0','Long Bình - Biên Hòa - Đồng Nai','Tân Uyên, Bình Dương','0123456789','hoa@gmail.com','132465465','2012-05-01 00:00:00.000','Hải Dương','2012-05-05 00:00:00.000','Very Good',160,54,1,1,3,2,6,NULL,'1','1','1','0',NULL,1,'1',NULL,5,6,1,NULL,NULL,NULL,NULL,NULL,NULL,NULL,NULL,'1',1,1,7500000,'sys_user',CURRENT_TIMESTAMP,NULL,NULL),
    (6,'NV00000006','Lê','Minh Châu','Tom','0','logo.png','1991-08-25 00:00:00.000','Đồng Nai','0','Đường Tống Văn Lê , Ấp Tân Phú 2 , xã Tân Lý Đông','Tân Uyên, Bình Dương','0972838671','haphutoanit@gmail.com','113246544','2012-05-02 00:00:00.000','Đồng Nai','2012-05-05 00:00:00.000','Cực kỳ tốt',163,56,1,1,1,1,6,NULL,'1','1','1','1',NULL,2,'1',NULL,6,7,2,NULL,NULL,NULL,NULL,NULL,NULL,NULL,NULL,'1',1,1,8500000,'sys_user',CURRENT_TIMESTAMP,NULL,NULL),
    (7,'NV00000007','Nguyễn Hoàng','Tú','Anna','1','z4627786454789_8c2f4b939bdf24386e71b5166bf3bf9a.jpg','1990-05-17 00:00:00.000','Đồng Nai','0','Đường Tống Văn Lê , Ấp Tân Phú 2 , xã Tân Lý Đông','Tân Uyên, Bình Dương','03344558832','hatheduy@gmail.com','123456479','2010-05-19 00:00:00.000','Đồng Nai','2012-05-11 00:00:00.000','To nhưng không khỏe cho lắm',165,65,1,1,1,2,6,'1','1','1','1','0','sdfasdf',3,'1',NULL,7,8,2,NULL,NULL,NULL,NULL,NULL,NULL,NULL,NULL,'1',1,1,14500000,'sys_user',CURRENT_TIMESTAMP,NULL,NULL),
    (8,'NV00000009','Hoàng Bảo','Ngọc','Waana Saka','1','Iconmoon-Web-Application-Profile.32.png','1993-11-04 00:00:00.000','Đồng Nai','0','Biên Hòa - Đồng Nai','Tân Uyên, Bình Dương','01688786834','itw@gmail.com','123456798','2008-05-15 00:00:00.000','Đồng Nai','2012-05-26 00:00:00.000','Gầy lắm',160,50,1,1,1,1,6,'1,2,3,4','1','1','1','0','Nhân viên này có tiền sử bệnh tim',1,'1',NULL,8,9,1,NULL,NULL,NULL,'01234567','2023-08-31 00:00:00.000','2023-09-01 00:00:00.000',NULL,NULL,'1',2,3,9800000,'sys_user',CURRENT_TIMESTAMP,NULL,NULL);

CREATE TABLE TDT_Relationship(
	ID NUMBER(19,0) GENERATED BY DEFAULT AS IDENTITY  (START WITH 100 INCREMENT BY 3)  NOT NULL,
	EmployeeID NUMBER(19,0) NULL,
	Fullname VARCHAR2(100 CHAR) NULL,
	Relationship VARCHAR2(50 CHAR) NULL,
	Phone VARCHAR2(50 CHAR) NULL,
	Address VARCHAR2(50 CHAR) NULL,
	Note VARCHAR2(50 CHAR) NULL,
	Birthday DATE NULL,
	isActive CHAR(1 CHAR) DEFAULT '0' NULL,
	DateCreated DATE DEFAULT CURRENT_TIMESTAMP NULL,
	UserCreated VARCHAR2(100 CHAR) NULL,
	DateUpdated DATE NULL,
	UserUpdated VARCHAR2(100 CHAR) NULL,
	PRIMARY KEY(ID)
);

ALTER TABLE TDT_Relationship
    ADD CONSTRAINT FK_TDT_Relationship_TDT_Employee FOREIGN KEY(EmployeeID)
        REFERENCES TDT_Employee(ID)
;

INSERT INTO TDT_RELATIONSHIP (ID,EMPLOYEEID,FULLNAME,RELATIONSHIP,PHONE,ADDRESS,NOTE,BIRTHDAY,ISACTIVE,DATECREATED,USERCREATED,DATEUPDATED,USERUPDATED) VALUES
    (1,1,'Hà Phú Toàn','Cha','0972838671','Q9',NULL,'2023-08-01 00:00:00.000','0',CURRENT_TIMESTAMP,'sys_user',NULL,NULL),
    (2,1,'Hà Tú My','Con','không','Tiền Giang',NULL,'2023-08-01 00:00:00.000','0',CURRENT_TIMESTAMP,'sys_user',NULL,NULL),
    (3,2,'Hà Phú Toàn','Chồng','0972838671','SG HCM',NULL,'2022-12-03 00:00:00.000','0',CURRENT_TIMESTAMP,'sys_user',NULL,NULL),
    (4,8,'Toàn Hà Phú','Cha','0972838671','Q9',NULL,'2023-08-15 00:00:00.000','1',CURRENT_TIMESTAMP,'sys_user',NULL,NULL),
    (5,7,'Hà Minh Duy','Anh','0972838671','Long An',NULL,'2019-08-07 00:00:00.000','1',CURRENT_TIMESTAMP,'sys_user',NULL,NULL),
    (6,7,'Nguyễn Văn Khang','Anh','0909999333','Tiền giang',NULL,'2023-08-29 00:00:00.000','1',CURRENT_TIMESTAMP,'sys_user',NULL,NULL),
    (7,6,'Lâm Văn Minh','Cha','0223344','Sài gòn',NULL,'2023-08-30 00:00:00.000','1',CURRENT_TIMESTAMP,'sys_user',NULL,NULL);


CREATE TABLE TDT_RelationshipType(
	ID NUMBER(19,0) GENERATED BY DEFAULT AS IDENTITY  (START WITH 100 INCREMENT BY 3)  NOT NULL,
	RelationshipNameVN VARCHAR2(50 CHAR) NULL,
	RelationshipNameEN VARCHAR2(50 CHAR) NULL,
	isActive CHAR(1 CHAR) DEFAULT '0' NULL,
	DateCreated DATE DEFAULT CURRENT_TIMESTAMP NULL,
	UserCreated VARCHAR2(100 CHAR) NULL,
	DateUpdated DATE NULL,
	UserUpdated VARCHAR2(100 CHAR) NULL,
	PRIMARY KEY(ID)
);

INSERT INTO TDT_RELATIONSHIPTYPE (ID,RELATIONSHIPNAMEVN,RELATIONSHIPNAMEEN,ISACTIVE,DATECREATED,USERCREATED,DATEUPDATED,USERUPDATED) VALUES
    (1,'Cha',NULL,'1',CURRENT_TIMESTAMP,'sys_user',NULL,NULL),
    (2,'Mẹ',NULL,'1',CURRENT_TIMESTAMP,'sys_user',NULL,NULL),
    (3,'Con',NULL,'1',CURRENT_TIMESTAMP,'sys_user',NULL,NULL),
    (4,'Vợ',NULL,NULL,CURRENT_TIMESTAMP,'sys_user',NULL,NULL),
    (5,'Cháu',NULL,NULL,CURRENT_TIMESTAMP,'sys_user',NULL,NULL),
    (6,'Chú',NULL,NULL,CURRENT_TIMESTAMP,'sys_user',NULL,NULL),
    (7,'Thím',NULL,NULL,CURRENT_TIMESTAMP,'sys_user',NULL,NULL),
    (8,'Chồng',NULL,NULL,CURRENT_TIMESTAMP,'sys_user',NULL,NULL),
    (9,'Anh',NULL,NULL,CURRENT_TIMESTAMP,'sys_user',NULL,NULL),
    (10,'Em',NULL,NULL,CURRENT_TIMESTAMP,'sys_user',NULL,NULL);


CREATE TABLE TDT_RoleCategory(
	ID NUMBER(19,0) GENERATED BY DEFAULT AS IDENTITY  (START WITH 100 INCREMENT BY 3)  NOT NULL,
	CategoryNameVN VARCHAR2(50 CHAR) NULL,
	CategoryNameEN VARCHAR2(50 CHAR) NULL,
	isActive CHAR(1 CHAR) DEFAULT '0' NULL,
	DateCreated DATE DEFAULT CURRENT_TIMESTAMP NULL,
	UserCreated VARCHAR2(100 CHAR) NULL,
	DateUpdated DATE NULL,
	UserUpdated VARCHAR2(100 CHAR) NULL,
	PRIMARY KEY(ID)
	);

INSERT INTO TDT_ROLECATEGORY (ID,CATEGORYNAMEVN,CATEGORYNAMEEN,ISACTIVE,DATECREATED,USERCREATED,DATEUPDATED,USERUPDATED) VALUES
    (1,'Trang chủ','HomePage','1',CURRENT_TIMESTAMP,'sys_user',NULL,NULL),
    (2,'Nhân sự','HR','1',CURRENT_TIMESTAMP,'sys_user',NULL,NULL),
    (3,'Danh mục nhân sự','HR Category','1',CURRENT_TIMESTAMP,'sys_user',NULL,NULL),
    (4,'Lương','Salary','1',CURRENT_TIMESTAMP,'sys_user',NULL,NULL),
    (5,'Danh mục Lương','Salary Category','1',CURRENT_TIMESTAMP,'sys_user',NULL,NULL),
    (6,'Hợp đồng','Contract','1',CURRENT_TIMESTAMP,'sys_user',NULL,NULL),
    (7,'Danh mục hợp đồng','Contract Category','1',CURRENT_TIMESTAMP,'sys_user',NULL,NULL),
    (8,'Hệ thống','System','1',CURRENT_TIMESTAMP,'sys_user',NULL,NULL);

CREATE TABLE TDT_Role(
	ID NUMBER(19,0) GENERATED BY DEFAULT AS IDENTITY  (START WITH 100 INCREMENT BY 3)  NOT NULL,
	EmployeeID NUMBER(19,0) NULL,
	CategoryRole NUMBER(19,0) NULL,
	RoleView CHAR(1 CHAR) DEFAULT '0' NULL,
	RoleUpdate CHAR(1 CHAR) DEFAULT '0' NULL,
	RoleDelete CHAR(1 CHAR) DEFAULT '0' NULL,
	isActive CHAR(1 CHAR) DEFAULT '0' NULL,
	DateCreated DATE DEFAULT CURRENT_TIMESTAMP NULL,
	UserCreated VARCHAR2(100 CHAR) NULL,
	DateUpdate DATE NULL,
	UserUpdate VARCHAR2(100 CHAR) NULL,
	PRIMARY KEY(ID)
);


ALTER TABLE TDT_Role
    ADD CONSTRAINT FK_TDT_Role_TDT_RoleCategory FOREIGN KEY(CategoryRole)
        REFERENCES TDT_RoleCategory(ID)
;

ALTER TABLE TDT_Role
    ADD CONSTRAINT FK_TDT_Role_TDT_Employee FOREIGN KEY(EmployeeID)
        REFERENCES TDT_Employee(ID)
;

INSERT INTO TDT_ROLE (ID,EMPLOYEEID,CATEGORYROLE,ROLEVIEW,ROLEUPDATE,ROLEDELETE,ISACTIVE,DATECREATED,USERCREATED,DATEUPDATE,USERUPDATE) VALUES
    (1,1,1,'1','1','1','1',CURRENT_TIMESTAMP,'sys_user',NULL,NULL),
    (2,2,1,'1','1','1','1',CURRENT_TIMESTAMP,'sys_user',NULL,NULL),
    (3,1,6,'1','1','1','0',CURRENT_TIMESTAMP,'sys_user',NULL,NULL),
    (4,1,7,'1','1','1',NULL,CURRENT_TIMESTAMP,'sys_user',NULL,NULL),
    (5,1,5,'1','1','1',NULL,CURRENT_TIMESTAMP,'sys_user',NULL,NULL),
    (6,1,3,'1','1','1',NULL,CURRENT_TIMESTAMP,'sys_user',NULL,NULL),
    (7,1,8,'1','1','1',NULL,CURRENT_TIMESTAMP,'sys_user',NULL,NULL),
    (8,1,4,'1','1','1',NULL,CURRENT_TIMESTAMP,'sys_user',NULL,NULL),
    (9,1,2,'1','1','1',NULL,CURRENT_TIMESTAMP,'sys_user',NULL,NULL),
    (10,2,2,'1','1','1',NULL,CURRENT_TIMESTAMP,'sys_user',NULL,NULL),
    (11,2,3,'1','0','0',NULL,CURRENT_TIMESTAMP,'sys_user',NULL,NULL),
    (12,2,4,'1','0','0',NULL,CURRENT_TIMESTAMP,'sys_user',NULL,NULL),
    (13,2,5,'1','0','0',NULL,CURRENT_TIMESTAMP,'sys_user',NULL,NULL),
    (14,2,6,'1','0','0',NULL,CURRENT_TIMESTAMP,'sys_user',NULL,NULL),
    (15,2,7,'1','0','0',NULL,CURRENT_TIMESTAMP,'sys_user',NULL,NULL),
    (16,2,8,'1','0','0',NULL,CURRENT_TIMESTAMP,'sys_user',NULL,NULL);


CREATE TABLE TDT_UserProfile(
	UserId NUMBER(19,0) GENERATED BY DEFAULT AS IDENTITY  (START WITH 100 INCREMENT BY 3)  NOT NULL,
	UserName VARCHAR2(100 CHAR) NULL,
	EmployeeID NUMBER(19,0) NULL,
	Password VARCHAR2(255 CHAR) NULL,
	isActive CHAR(1 CHAR) DEFAULT '0' NULL,
	RoleList VARCHAR2(50 CHAR) NULL,
	isManagement CHAR(1 CHAR) DEFAULT '0' NULL,
	AccountStatus NUMBER(19,0) NULL,
	IPLastLogin VARCHAR2(50 CHAR) NULL,
	DateLastLogin DATE NULL,
	TimeNextLogin DATE NULL,
	CountLoginFailed NUMBER(19,0) NULL,
	DateCreate DATE DEFAULT CURRENT_TIMESTAMP NULL,
	UserCreate VARCHAR2(100 CHAR) NULL,
	DateUpdate DATE NULL,
	UserUpdate VARCHAR2(100 CHAR) NULL,
	PRIMARY KEY(UserId)
);

ALTER TABLE TDT_UserProfile
    ADD CONSTRAINT FK_TDT_UserProfile_TDT_Employee FOREIGN KEY(EmployeeID)
        REFERENCES TDT_Employee(ID)
;

INSERT INTO TDT_USERPROFILE (UserId,USERNAME,EMPLOYEEID,PASSWORD,ISACTIVE,ROLELIST,ISMANAGEMENT,ACCOUNTSTATUS,IPLASTLOGIN,DATELASTLOGIN,TIMENEXTLOGIN,COUNTLOGINFAILED,DATECREATE,USERCREATE,DATEUPDATE,USERUPDATE) VALUES
    (1,'admin',1,'iNL2Tjzf07E=','1',NULL,'1',0,'192.168.1.160','2023-10-12 23:20:59.000',NULL,1,CURRENT_TIMESTAMP,'sys_user',NULL,NULL),
    (2,'minht',3,'rCC5qqyQPD0=','1',NULL,'0',0,NULL,NULL,NULL,1,CURRENT_TIMESTAMP,'sys_user',NULL,NULL),
    (3,'tultc',2,'rCC5qqyQPD0=','1',NULL,'0',0,NULL,NULL,NULL,NULL,CURRENT_TIMESTAMP,'sys_user',NULL,NULL),
    (4,'duyht',4,'rCC5qqyQPD0=','1',NULL,'0',0,NULL,NULL,NULL,NULL,CURRENT_TIMESTAMP,'sys_user',NULL,NULL),
    (5,'toanhp',8,'rCC5qqyQPD0=','1',NULL,NULL,NULL,'192.168.1.5','2023-08-26 11:18:34.000',NULL,NULL,CURRENT_TIMESTAMP,'sys_user',NULL,NULL),
    (6,'admin1',1,'rCC5qqyQPD0=','0',NULL,'0',NULL,'192.168.1.5','2023-08-26 11:26:09.000',NULL,NULL,CURRENT_TIMESTAMP,'sys_user',NULL,NULL);
